"attributes_Accepts.Credit.Cards","attributes_Accepts.Insurance","attributes_Ages.Allowed","attributes_Alcohol","attributes_Ambience","attributes_Attire","attributes_BYOB","attributes_BYOB.Corkage","attributes_By.Appointment.Only","attributes_Caters","attributes_Coat.Check","attributes_Corkage","attributes_Delivery","attributes_Dietary.Restrictions","attributes_Dogs.Allowed","attributes_Drive.Thru","attributes_Good.For","attributes_Good.For.Dancing","attributes_Good.For.Groups","attributes_Good.For.Kids","attributes_Good.for.Kids","attributes_Hair.Types.Specialized.In","attributes_Happy.Hour","attributes_Has.TV","attributes_Music","attributes_Noise.Level","attributes_Open.24.Hours","attributes_Order.at.Counter","attributes_Outdoor.Seating","attributes_Parking","attributes_Payment.Types","attributes_Price.Range","attributes_Smoking","attributes_Take.out","attributes_Takes.Reservations","attributes_Waiter.Service","attributes_Wheelchair.Accessible","attributes_Wi.Fi","business_id","categories","city","full_address","hours_Friday","hours_Monday","hours_Saturday","hours_Sunday","hours_Thursday","hours_Tuesday","hours_Wednesday","latitude","longitude","name","neighborhoods","open","review_count","stars","state","type"
"","","","","","","","","","","","","","","","","","","","","","","","","","","","","","","",NA,"","","","","","","qyaHAokceoTnzYEwogZwMA","Banks & Credit Unions,Financial Services","Charlotte","508 S Kings Dr
Myers Park
Charlotte, NC 28204","{u'close': u'18:00', u'open': u'09:00'}","{u'close': u'17:00', u'open': u'09:00'}","{u'close': u'13:00', u'open': u'09:00'}","","{u'close': u'17:00', u'open': u'09:00'}","{u'close': u'17:00', u'open': u'09:00'}","{u'close': u'17:00', u'open': u'09:00'}",35.210276,-80.836392,"Bank of America","Myers Park","False",3,3,"NC","business"
"True","","","","","","","","","","","","","","","","","","","","","","","","","","","","","","",NA,"","","","","","","fNOig3UG2jOdlDoWNwHYFw","Banks & Credit Unions,Financial Services,Mortgage Brokers,Home Services,Real Estate","Charlotte","6200 Fairview Rd
South Park
Charlotte, NC 28210","","","","","","","",35.150077,-80.836408,"Bank of America","South Park","True",6,3,"NC","business"
"","","","","","","","","","","","","","","","","","","","","","","","","","","","","","","",NA,"","","","","","","-TTcDHwNAIeJmCyWN_AtBA","Banks & Credit Unions,Financial Services","Charlotte","6425 Albemarle Rd
Eastland
Charlotte, NC 28212","{u'close': u'18:00', u'open': u'09:00'}","{u'close': u'17:00', u'open': u'09:00'}","{u'close': u'13:00', u'open': u'09:00'}","","{u'close': u'17:00', u'open': u'09:00'}","{u'close': u'17:00', u'open': u'09:00'}","{u'close': u'17:00', u'open': u'09:00'}",35.2032289,-80.7350408,"Bank of America","Eastland","True",4,2.5,"NC","business"
"","","","","","","","","","","","","","","","","","","","","","","","","","","","","","","",NA,"","","","","","","NNGp3u2-w7P964TuuvJntg","Banks & Credit Unions,Financial Services","Charlotte","8551 N Tryon St
University City
Charlotte, NC 28262","","","","","","","",35.305699,-80.750868,"Bank of America","University City","True",5,2,"NC","business"
"True","","","none","{u'romantic': False, u'intimate': False, u'touristy': False, u'hipster': False, u'divey': False, u'classy': False, u'trendy': False, u'upscale': False, u'casual': False}","casual","","","","True","","","False","","","False","{u'dessert': False, u'latenight': False, u'lunch': True, u'dinner': False, u'breakfast': False, u'brunch': False}","","False","","True","","","False","","average","","","False","","",1,"","True","False","False","True","","AzW6M1E6KcrTDpQ0DkRt9A","Fast Food,Restaurants","Charlotte","101 S Tryon St
Uptown
Charlotte, NC 28280","","","","","","","",35.226366,-80.842911,"Chick-fil-A Bank of America Plaza","Uptown","True",22,4.5,"NC","business"
"True","","","","","","","","","","","","","","","","","","","","","","","","","","","","","","",NA,"","","","","","","I3AF57q9EyNALE9rA37o6A","Banks & Credit Unions,Financial Services,Mortgage Brokers,Home Services,Real Estate","Phoenix","201 E Washington St Fl 20
Phoenix, AZ 85004","","","","","","","",33.4482649,-112.0712571,"Bank of America","","True",3,1.5,"AZ","business"
"","","","","","","","","","","","","","","","","","","","","","","","","","","","","","","",NA,"","","","","","","XNUP4pbOL8oj34wWDPVu5A","Banks & Credit Unions,Financial Services","Phoenix","3030 N Central Ave Ste 1104
Phoenix, AZ 85012","","","","","","","",33.4820475,-112.07424,"Bank of America","","True",3,3.5,"AZ","business"
"","","","","","","","","","","","","","","","","","","","","","","","","","","","","","","",NA,"","","","","","","-Mi86BZenY9IROFUdVy8bA","Banks & Credit Unions,Financial Services","Phoenix","2902 N 44th St
Phoenix, AZ 85018","{u'close': u'18:00', u'open': u'09:00'}","{u'close': u'17:00', u'open': u'09:00'}","{u'close': u'13:00', u'open': u'09:00'}","","{u'close': u'17:00', u'open': u'09:00'}","{u'close': u'17:00', u'open': u'09:00'}","{u'close': u'17:00', u'open': u'09:00'}",33.480834,-111.987537,"Bank of America","","True",4,2.5,"AZ","business"
"","","","","","","","","","","","","","","","","","","","","","","","","","","","","","","",NA,"","","","","","","UmFnmIoLCRe1ywY0bzpRrQ","Banks & Credit Unions,Financial Services","Phoenix","7579 N 16th St
Phoenix, AZ 85020","","","","","","","",33.547101,-112.047115,"Bank of America","","True",7,2.5,"AZ","business"
"True","","","","","","","","","","","","","","","","","","","","","","","","","","","","","","",NA,"","","","","","","ejx-rekLkZ2RkNgSejf0pA","Banks & Credit Unions,Financial Services,Mortgage Brokers,Home Services,Real Estate","Phoenix","605 E Bell Road
Phoenix, AZ 85022","","","","","","","",33.6401877,-112.0680623,"Bank of America","","True",5,2.5,"AZ","business"
"True","","","","","","","","","","","","","","","","","","","","","","","","","","","","","","",NA,"","","","","","","SN0fYS9Mozu5qkPAq7K8ZQ","Banks & Credit Unions,Financial Services,Mortgage Brokers,Home Services,Real Estate","Phoenix","13008 N Tatum Boulevard
Phoenix, AZ 85032","","","","","","","",33.6045205,-111.9783384,"Bank of America","","True",4,3,"AZ","business"
"True","","","","","","","","","","","","","","","","","","","","","","","","","","","","","","",NA,"","","","","","","JJ-jDuXLBbAHJUPUszoPTQ","Banks & Credit Unions,Financial Services,Mortgage Brokers,Home Services,Real Estate","Mesa","1201 S Alma School Road
Mesa, AZ 85210","","","","","","","",33.392118,-111.856333,"Bank of America","","True",4,3.5,"AZ","business"
"True","","","","","","","","","","","","","","","","","","","","","","","","","","","","","","",NA,"","","","","","","mod9XAJf0Cbj49759B2AUA","Banks & Credit Unions,Financial Services,Mortgage Brokers,Home Services,Real Estate","Chandler","198 N Alma School Road
Chandler, AZ 85224","","","","","","","",33.3050349,-111.859637,"Bank of America","","True",4,2.5,"AZ","business"
"","","","","","","","","","","","","","","","","","","","","","","","","","","","","","","",NA,"","","","","","","Nqk7gBL627EH74XVpyPRfQ","Banks & Credit Unions,Financial Services","Chandler","3410 W Chandler Boulevard
Chandler, AZ 85226","","","","","","","",33.3057842,-111.8997226,"Bank of America","","True",8,3,"AZ","business"
"","","","","","","","","","","","","","","","","","","","","","","","","","","","","","","",NA,"","","","","","","aYmXYxN_jiWI9mc9wyLkQQ","Banks & Credit Unions,Financial Services,Mortgage Brokers,Home Services,Real Estate","Gilbert","15 E Guadalupe Road
Suite 101
Gilbert, AZ 85234","","","","","","","",33.3642534,-111.7896906,"Bank of America","","True",3,2.5,"AZ","business"
"True","","","","","","","","","","","","","","","","","","","","","","","","","","","","","","",NA,"","","","","","","24500Pt1lFmpXgDkXKeEOA","Banks & Credit Unions,Financial Services,Mortgage Brokers,Home Services,Real Estate","Chandler","3075 S Alma School Road
Chandler, AZ 85248","","","","","","","",33.261403,-111.857858,"Bank of America","","True",3,1.5,"AZ","business"
"","","","","","","","","","","","","","","","","","","","","","","","","","","","","","","",NA,"","","","","","","KH5R8TlcW1llOb1kko_FHw","Banks & Credit Unions,Financial Services","Scottsdale","6501 N Scottsdale Road
Scottsdale, AZ 85250","","","","","","","",33.531853,-111.9253012,"Bank of America","","True",3,2.5,"AZ","business"
"True","","","","","","","","","","","","","","","","","","","","","","","","","","","","","","",NA,"","","","","","","rEOgvyGzAZjysWcbDXupcg","Banks & Credit Unions,Financial Services,Mortgage Brokers,Home Services,Real Estate","Tempe","1801 E Southern Ave
Tempe, AZ 85282","","","","","","","",33.392504,-111.908583,"Bank of America","","True",5,2.5,"AZ","business"
"","","","","","","","","","","","","","","","","","","","","","","","","","","","","","","",NA,"","","","","","","QB-xKzvyfXgxbIx6rL9obA","Banks & Credit Unions,Financial Services","Henderson","2196 Olympic Ave
Henderson, NV 89014","","","","","","","",36.0728384,-115.0811853,"Wells Fargo Bank","","True",7,4,"NV","business"
"","","","","","","","","","","","","","","","","","","","","","","","","","","","","","","",NA,"","","","","","","U0FZZh8AXPEelM3GBOKR_g","Banks & Credit Unions,Financial Services","North Las Vegas","2015 W Craig Rd, Ste A
North Las Vegas, NV 89032","{u'close': u'18:00', u'open': u'09:00'}","{u'close': u'18:00', u'open': u'09:00'}","{u'close': u'15:00', u'open': u'09:00'}","","{u'close': u'18:00', u'open': u'09:00'}","{u'close': u'18:00', u'open': u'09:00'}","{u'close': u'18:00', u'open': u'09:00'}",36.239044,-115.171535,"Chase Bank","","True",4,3.5,"NV","business"
"","","","","","","","","","","","","","","","","","","","","","","","","","","","","","","",NA,"","","","","","","rnGavpM0D5MomkokU_6HTg","Banks & Credit Unions,Financial Services","Henderson","10010 S Eastern Ave
Anthem
Henderson, NV 89052","","","","","","","",36.007598,-115.112544,"Wells Fargo Bank","Anthem","True",4,3,"NV","business"
"","","","","","","","","","","","","","","","","","","","","","","","","","","","","","","",NA,"","","","","","","FeW0MFtweidiX29TlFLsGQ","Banks & Credit Unions,Financial Services","Las Vegas","3300 W Sahara Ave Ste 100
Westside
Las Vegas, NV 89102","","","","","","","",36.1450048,-115.1860818,"Wells Fargo Bank","Westside","True",5,3.5,"NV","business"
"True","","","","","","","","","","","","","","","","","","","","","","","","","","","","","","",NA,"","","","","","","2lQKC2POefw8cOuX3T2HqA","Banks & Credit Unions,Financial Services,Mortgage Brokers,Home Services,Real Estate","Las Vegas","3150 N Rainbow Blvd
Northwest
Las Vegas, NV 89108","","","","","","","",36.2170517,-115.2422973,"Bank of America","Northwest","True",6,2.5,"NV","business"
"True","","","","","","","","","","","","","","","","","","","","","","","","","","","","","","",NA,"","","","","","","--sSW-WY3vyASh_eVPGUAw","Banks & Credit Unions,Financial Services,Mortgage Brokers,Home Services,Real Estate","Las Vegas","801 N Nellis Blvd
Sunrise
Las Vegas, NV 89110","","","","","","","",36.178107,-115.062733,"Bank of America","Sunrise","True",4,2,"NV","business"
"","","","","","","","","","","","","","","","","","","","","","","","","","","","","","","",NA,"","","","","","","d14ce-wTeY0HqM0yX-0pBA","Banks & Credit Unions,Financial Services","Las Vegas","4425 W Russell Rd
Las Vegas, NV 89118","","","","","","","",36.0860559,-115.1996949,"Wells Fargo Bank","","True",5,2.5,"NV","business"
"","","","","","","","","","","","","","","","","","","","","","","","","","","","","","","",NA,"","","","","","","YI_5XANMc8N5YsX02W7eUQ","Banks & Credit Unions,Financial Services","Las Vegas","7530 W Lake Mead Blvd
Las Vegas, NV 89128","{u'close': u'19:00', u'open': u'09:00'}","{u'close': u'19:00', u'open': u'09:00'}","{u'close': u'19:00', u'open': u'09:00'}","","{u'close': u'19:00', u'open': u'09:00'}","{u'close': u'19:00', u'open': u'09:00'}","{u'close': u'19:00', u'open': u'09:00'}",36.1961759,-115.2579747,"Wells Fargo Bank","","True",3,2.5,"NV","business"
"","","","","","","","","","","","","","","","","","","","","","","","","","","","","","","",NA,"","","","","","","VUlO93hmNFc4WTc3bhUIgQ","Banks & Credit Unions,Financial Services","Las Vegas","9410 W Lake Mead Blvd
Summerlin
Las Vegas, NV 89134","","","","","","","",36.2067,-115.300795,"Wells Fargo Bank","Summerlin","True",3,2.5,"NV","business"
"","","","","","","","","","","","","","","","","","","","","","","","","","","","","","","",NA,"","","","","","","OfXpATPebaa-UllyEIp9iw","Banks & Credit Unions,Financial Services","Las Vegas","1990 Village Center Circle, Ste 7-8
Summerlin
Las Vegas, NV 89134","{u'close': u'18:00', u'open': u'09:00'}","{u'close': u'18:00', u'open': u'09:00'}","{u'close': u'15:00', u'open': u'09:00'}","","{u'close': u'18:00', u'open': u'09:00'}","{u'close': u'18:00', u'open': u'09:00'}","{u'close': u'18:00', u'open': u'09:00'}",36.1917858571,-115.304755792,"Chase Bank","Summerlin","True",3,4.5,"NV","business"
"","","","","","","","","","","","","","","","","","","","","","","","","","","","","","","",NA,"","","","","","","1YKqUuhUTKIcfBkG4tiNng","Banks & Credit Unions,Financial Services","Las Vegas","2501 S Rainbow Blvd
Westside
Las Vegas, NV 89146","","","","","","","",36.1435875,-115.2435588,"Wells Fargo Bank","Westside","True",8,3,"NV","business"
"","","","","","","","","","","","","","","","","","","","","","","","","","","","","","","",NA,"","","","","","","QzdZc9X-6vZqjvQ1UEkcUA","Banks & Credit Unions,Financial Services","Las Vegas","5950 W Sahara Ave
Westside
Las Vegas, NV 89146","","","","","","","",36.144826,-115.223712,"Bank of America","Westside","True",5,3,"NV","business"
"","","","","","","","","","","","","","","","","","","","","","","","","","","","","","","",NA,"","","","","","","YOrr5Az0TcgLtXCcoFXpSg","Banks & Credit Unions,Financial Services","Charlotte","1616 Central Ave
Plaza Midwood
Charlotte, NC 28205","","","","","","","",35.220027,-80.811365,"Wells Fargo Bank","Plaza Midwood","True",4,2.5,"NC","business"
"True","","","","","","","","","","","","","","","","","","","","","","","","","","","","","","",NA,"","","","","","","OZ7ffLy4K2UMiQudYYqn_g","Banks & Credit Unions,Financial Services,Mortgage Brokers,Home Services,Real Estate","Charlotte","4401 Randolph Rd
Cotswold
Charlotte, NC 28211","","","","","","","",35.178168,-80.800293,"Bank of America","Cotswold","True",3,2.5,"NC","business"
"","","","","","","","","","","","","","","","","","","","","","","","","","","","","","","",NA,"","","","","","","G6pOM5My57kZCYRlDOZdwg","Banks & Credit Unions,Financial Services,Mortgage Brokers,Home Services,Real Estate","Charlotte","5801 South Blvd
Starmount
Charlotte, NC 28217","","","","","","","",35.156473,-80.875891,"Bank of America","Starmount","True",4,3.5,"NC","business"
"","","","","","","","","","","","","","","","","","","","","","","","","","","","","","","",NA,"","","","","","","FvIQ7enRTz1buRLRYYHI7g","Banks & Credit Unions,Financial Services","Charlotte","101 S Tryon St
Uptown
Charlotte, NC 28255","","","","","","","",35.2266338,-80.8432817,"Bank of America","Uptown","False",6,2,"NC","business"
"","","","","","","","","","","","","","","","","","","","","","","","","","","","","","","",NA,"","","","","","","KLkCivc-pKToBolupJZ1VQ","Banks & Credit Unions,Financial Services","Phoenix","100 W Washington St
Phoenix, AZ 85003","","","","","","","",33.4486486,-112.0756209,"Wells Fargo Bank","","True",4,2.5,"AZ","business"
"","","","","","","","","","","","","","","","","","","","","","","","","","","","","","","",NA,"","","","","","","jG4YVYh-l0-C_7KfIIJY-Q","Banks & Credit Unions,Financial Services","Phoenix","10459 N 28th Drive
Phoenix, AZ 85051","","","","","","","",33.581444,-112.121049,"Bank of America","","True",3,3,"AZ","business"
"","","","","","","","","","","","","","","","","","","","","","","","","","","","","","","",NA,"","","","","","","QAPrdx1hOrK3AV1KWkYlcw","Banks & Credit Unions,Financial Services,Mortgage Brokers,Home Services,Real Estate","Mesa","5807 E McKellips Road
Mesa, AZ 85215","","","","","","","",33.4513235,-111.7057551,"Bank of America","","True",3,2,"AZ","business"
"True","","","","","","","","","","","","","","","","","","","","","","","","","","","","","","",NA,"","","","","","","RQDmusEjuyuh_FFD6Bnh9Q","Banks & Credit Unions,Financial Services,Mortgage Brokers,Home Services,Real Estate","Tempe","906 E Baseline Road
Tempe, AZ 85283","","","","","","","",33.3784206,-111.9281615,"Bank of America","","True",8,2,"AZ","business"
"","","","","","","","","","","","","","","","","","","","","","","","","","","","","","","",NA,"","","","","","","tw2JFF2ajHsSIBijRQ_3YA","Banks & Credit Unions,Financial Services","North Las Vegas","5558 Camino Al Norte
North Las Vegas, NV 89031","{u'close': u'18:00', u'open': u'08:30'}","{u'close': u'18:00', u'open': u'08:30'}","{u'close': u'15:00', u'open': u'09:00'}","","{u'close': u'18:00', u'open': u'08:30'}","{u'close': u'18:00', u'open': u'08:30'}","{u'close': u'18:00', u'open': u'08:30'}",36.2606351,-115.1558481,"Chase Bank","","True",3,2.5,"NV","business"
"True","","","","","","","","","","","","","","","","","","","","","","","","","","","","","","",NA,"","","","","","","WrURAPswcLarD4UvWe_1PQ","Banks & Credit Unions,Financial Services,Mortgage Brokers,Home Services,Real Estate","Las Vegas","641 Mall Ring Cir
Las Vegas, NV 89101","","","","","","","",36.064236,-115.042563,"Bank of America","","True",9,2.5,"NV","business"
"","","","","","","","","","","","","","","","","","","","","","","","","","","","","","","",NA,"","","","","","","rrV9jCOG18cB7FtOOZpubA","Banks & Credit Unions,Financial Services","Las Vegas","3555 S Jones Blvd
Chinatown
Las Vegas, NV 89103","","","","","","","",36.124584,-115.225446,"Wells Fargo Bank","Chinatown","True",5,2.5,"NV","business"
"True","","","","","","","","","","","","","","","","","","","","","","","","","","","","","","",NA,"","","","","","","87XIUcFr6uWBhrZJMTU1lg","Banks & Credit Unions,Financial Services,Mortgage Brokers,Home Services,Real Estate","Las Vegas","4290 S Rainbow Blvd
Spring Valley
Las Vegas, NV 89103","","","","","","","",36.110983,-115.242458,"Bank of America","Spring Valley","True",7,1.5,"NV","business"
"","","","","","","","","","","","","","","","","","","","","","","","","","","","","","","",NA,"","","","","","","Mf4pxZMawrMwH7YjYtD19A","Banks & Credit Unions,Financial Services","Las Vegas","2550 S Fort Apache Rd
The Lakes
Las Vegas, NV 89117","","","","","","","",36.1434191,-115.2964245,"Wells Fargo Bank","The Lakes","True",3,2,"NV","business"
"True","","","","","","","","","","","","","","","","","","","","","","","","","","","","","","",NA,"","","","","","","Zii9pwOXGfNteVDHJPAanA","Banks & Credit Unions,Financial Services,Mortgage Brokers,Home Services,Real Estate","Las Vegas","2451 S Fort Apache Rd
Westside
Las Vegas, NV 89117","","","","","","","",36.1457488,-115.2982081,"Bank of America","Westside","True",5,3.5,"NV","business"
"","","","","","","","","","","","","","","","","","","","","","","","","","","","","","","",NA,"","","","","","","g_wkv-JQ42zr84mappwLrA","Banks & Credit Unions,Financial Services","Las Vegas","4720 S Eastern Ave
Eastside
Las Vegas, NV 89119","","","","","","","",36.103246,-115.11854,"Wells Fargo Bank","Eastside","True",3,1.5,"NV","business"
"True","","","","","","","","","","","","","","","","","","","","","","","","","","","","","","",NA,"","","","","","","Si--IykCu1RtiW-_Jq5ZcA","Banks & Credit Unions,Financial Services,Mortgage Brokers,Home Services,Real Estate","Las Vegas","4795 S Maryland Pkwy
University
Las Vegas, NV 89119","","","","","","","",36.102562,-115.1375321,"Bank of America","University","True",8,4,"NV","business"
"","","","","","","","","","","","","","","","","","","","","","","","","","","","","","","",NA,"","","","","","","2iydMtMUmhA3vJMgWE8Evg","Banks & Credit Unions,Financial Services","Las Vegas","2875 S Nellis Blvd Ste 10
Sunrise
Las Vegas, NV 89121","","","","","","","",36.138159,-115.066222,"Wells Fargo Bank","Sunrise","True",3,3.5,"NV","business"
"","","","","","","","","","","","","","","","","","","","","","","","","","","","","","","",NA,"","","","","","","F1isKxH1nJFHhVnExQnQKQ","Banks & Credit Unions,Financial Services","Las Vegas","445 E Windmill Ln Ste 2D
Southeast
Las Vegas, NV 89123","","","","","","","",36.041297,-115.1523787,"Wells Fargo Bank","Southeast","True",3,4.5,"NV","business"
"","","","","","","","","","","","","","","","","","","","","","","","","","","","","","","",NA,"","","","","","","yNGu68ja_mx61uB1-8DRcg","Banks & Credit Unions,Financial Services","Las Vegas","7204 W Craig Rd
Suite 113
Northwest
Las Vegas, NV 89129","{u'close': u'18:00', u'open': u'08:30'}","{u'close': u'18:00', u'open': u'08:30'}","{u'close': u'15:00', u'open': u'09:00'}","","{u'close': u'18:00', u'open': u'08:30'}","{u'close': u'18:00', u'open': u'08:30'}","{u'close': u'18:00', u'open': u'08:30'}",36.240697,-115.2526096,"Chase Bank","Northwest","True",3,3,"NV","business"
"","","","","","","","","","","","","","","","","","","","","","","","","","","","","","","",NA,"","","","","","","w8l9MeTzZKkVQpwxIXzXUg","Banks & Credit Unions,Financial Services","Las Vegas","8350 W Cheyenne Ave
Northwest
Las Vegas, NV 89129","","","","","","","",36.2194552,-115.2786884,"Wells Fargo Bank","Northwest","True",4,3.5,"NV","business"
"True","","","","","","","","","","","","","","","","","","","","","","","","","","","","","","",NA,"","","","","","","wLycZEapuT1Hm4whCClTjw","Banks & Credit Unions,Financial Services,Mortgage Brokers,Home Services,Real Estate","Las Vegas","10390 W Charleston Boulevard
Summerlin
Las Vegas, NV 89135","","","","","","","",36.1595186,-115.3218046,"Bank of America","Summerlin","True",8,2.5,"NV","business"
"","","","","","","","","","","","","","","","","","","","","","","","","","","","","","","",NA,"","","","","","","lonLKRXJPhgt0M_HpMwvqw","Banks & Credit Unions,Financial Services","Las Vegas","6900 Westcliff Dr
Westside
Las Vegas, NV 89145","","","","","","","",36.1745867,-115.2460027,"Bank of America","Westside","True",10,1.5,"NV","business"
"","","","","","","","","","","","","","","","","","","","","","","","","","","","","","","",NA,"","","","","","","ICPI6FnJe4n1krfkIDzdcQ","Banks & Credit Unions,Financial Services","Las Vegas","5960 Centennial Center Blvd
Centennial
Las Vegas, NV 89149","","","","","","","",36.2751141,-115.2699803,"Wells Fargo Bank","Centennial","True",3,1.5,"NV","business"
"","","","","","","","","","","","","","","","","","","","","True","","","","","","","","","","",NA,"","","","","","","9YHZ0of-3vwIhBW3SBPLjA","Arts & Entertainment,Stadiums & Arenas","Tempe","600 E Veterans Way
Tempe, AZ 85284","","","","","","","",33.4231407,-111.9307165,"Wells Fargo Arena","","True",16,3.5,"AZ","business"
"","","","","","","","","","","","","","","","","","","","","","","","","","","","","","","",NA,"","","","","","","Kwz7TTlfWZwnBc1li6rOIA","Banks & Credit Unions,Financial Services","Las Vegas","4910 S Fort Apache Rd
Spring Valley
Las Vegas, NV 89148","","","","","","","",36.0995805,-115.2966417,"Bank of America","Spring Valley","True",4,3.5,"NV","business"
"","","","","","","","","","","","","","","","","","","","","","","","","","","","","","","",NA,"","","","","","","3kQKLGaNoorabUzRjHAgTw","Banks & Credit Unions,Financial Services","Laveen","5025 W Baseline Rd
Laveen, AZ 85339","","","","","","","",33.377062,-112.165731,"Bank of America","","True",4,2,"AZ","business"
"","","","","","","","","","","","","","","","","","","","","","","","","","","","","","","",NA,"","","","","","","swrZjfWN3JlP3wf74EWwfw","Banks & Credit Unions,Financial Services","Mesa","1901 S Gilbert Rd
Mesa, AZ 85204","","","","","","","",33.381331,-111.787855,"Wells Fargo Bank","","True",8,3,"AZ","business"
"","","","","","","","","","","","","","","","","","","","","","","","","","","","","","","",NA,"","","","","","","yoHKx4hFQ00fS9YXMPuDHQ","Banks & Credit Unions,Financial Services","Phoenix","5041 N 16th St
Phoenix, AZ 85016","{u'close': u'18:00', u'open': u'08:00'}","{u'close': u'18:00', u'open': u'08:00'}","{u'close': u'14:00', u'open': u'09:00'}","","{u'close': u'18:00', u'open': u'08:00'}","{u'close': u'18:00', u'open': u'08:00'}","{u'close': u'18:00', u'open': u'08:00'}",33.5107969,-112.046894,"Chase Bank","","True",5,3,"AZ","business"
"","","","","","","","","","","","","","","","","","","","","","","","","","","","","","","",NA,"","","","","","","J4FtK1Y7VIRaLAUc4WhjgA","Banks & Credit Unions,Financial Services","Phoenix","13015 N Tatum Blvd
Phoenix, AZ 85032","","","","","","","",33.60464,-111.9776816,"Wells Fargo Bank","","True",3,1.5,"AZ","business"
"","","","","","","","","","","","","","","","","","","","","","","","","","","","","","","",NA,"","","","","","","D2h1xsCeYPf4X3uER3hN1g","Banks & Credit Unions,Financial Services","Phoenix","2950 W Peoria Ave
Phoenix, AZ 85029","{u'close': u'18:00', u'open': u'08:00'}","{u'close': u'18:00', u'open': u'08:00'}","{u'close': u'15:00', u'open': u'09:00'}","","{u'close': u'18:00', u'open': u'08:00'}","{u'close': u'18:00', u'open': u'08:00'}","{u'close': u'18:00', u'open': u'08:00'}",33.5823209,-112.1228769,"Chase Bank","","True",3,3.5,"AZ","business"
"","","","","","","","","","","","","","","","","","","","","","","","","","","","","","","",NA,"","","","","","","INErF-kxGtflUQTku9LzoQ","Banks & Credit Unions,Financial Services","Surprise","17073 W Bell Rd
Surprise, AZ 85374","{u'close': u'18:00', u'open': u'08:00'}","{u'close': u'18:00', u'open': u'08:00'}","{u'close': u'14:00', u'open': u'09:00'}","","{u'close': u'18:00', u'open': u'08:00'}","{u'close': u'18:00', u'open': u'08:00'}","{u'close': u'18:00', u'open': u'08:00'}",33.638283,-112.426218,"Chase Bank","","True",3,4.5,"AZ","business"
"True","","","","","","","","","","","","","","","","","","","","","","","","","","","","","","",NA,"","","","","","","vypbBexHcr-5k4l8LQIF6w","Banks & Credit Unions,Financial Services,Mortgage Brokers,Home Services,Real Estate","Phoenix","1950 E Camelback Road
Phoenix, AZ 85016","","","","","","","",33.5095842,-112.0391403,"Bank of America","","True",5,3.5,"AZ","business"
"","","","","","","","","","","","","","","","","","","","","","","","","","","","","","","",NA,"","","","","","","KzzdCVGAGWHW772Wxzt_Kw","Banks & Credit Unions,Financial Services","Scottsdale","4167 N Scottsdale Rd
Scottsdale, AZ 85251","{u'close': u'18:00', u'open': u'09:00'}","{u'close': u'18:00', u'open': u'09:00'}","{u'close': u'16:00', u'open': u'09:00'}","","{u'close': u'18:00', u'open': u'09:00'}","{u'close': u'18:00', u'open': u'09:00'}","{u'close': u'18:00', u'open': u'09:00'}",33.4964749,-111.925607,"Wells Fargo Bank","","True",11,4,"AZ","business"
"","","","","","","","","","","","","","","","","","","","","","","","","","","","","","","",NA,"","","","","","","gds9yxGteluF8JzWDegkSw","Banks & Credit Unions,Financial Services","Tempe","64 E Broadway Rd
Tempe, AZ 85282","","","","","","","",33.4076403,-111.9395665,"Wells Fargo Bank","","True",3,4.5,"AZ","business"
"","","","","","","","","","","","","","","","","","","","","","","","","","","","","","","",NA,"","","","","","","OTcKD19ssbzhN8v3xtpe8A","Banks & Credit Unions,Financial Services","Chandler","2075 N Alma School Rd
Chandler, AZ 85224","","","","","","","",33.3366789,-111.857894,"Wells Fargo Bank","","True",3,3,"AZ","business"
"","","","","","","","","","","","","","","","","","","","","","","","","","","","","","","",NA,"","","","","","","iJDuP99y1epu3LiIgNiqsw","Banks & Credit Unions,Financial Services","Mesa","1333 S Alma School Rd
Mesa, AZ 85210","","","","","","","",33.390303,-111.856673,"Wells Fargo Bank","","True",7,3,"AZ","business"
"","","","","","","","","","","","","","","","","","","","","","","","","","","","","","","",NA,"","","","","","","Tluc8HDsXRGAshD_ePmvzQ","Banks & Credit Unions,Financial Services","Glendale","4315 W Bell Rd
Glendale, AZ 85308","{u'close': u'19:00', u'open': u'09:00'}","{u'close': u'19:00', u'open': u'09:00'}","{u'close': u'17:00', u'open': u'09:00'}","{u'close': u'14:00', u'open': u'10:00'}","{u'close': u'19:00', u'open': u'09:00'}","{u'close': u'19:00', u'open': u'09:00'}","{u'close': u'19:00', u'open': u'09:00'}",33.6378053,-112.1528218,"Chase Bank","","True",3,3.5,"AZ","business"
"True","","","","","","","","","","","","","","","","","","","","","","","","","","","","","","",NA,"","","","","","","EnRZNWcH8sziqEnbRnIFsQ","Banks & Credit Unions,Financial Services,Mortgage Brokers,Home Services,Real Estate","Phoenix","3246 E Bell Road
Phoenix, AZ 85032","","","","","","","",33.6407988,-112.0124697,"Bank of America","","True",4,3,"AZ","business"
"True","","","","","","","","","","","","","","","","","","","","","","","","","","","","","","",NA,"","","","","","","WIDZSGjX4GGKIp1nZoHepg","Banks & Credit Unions,Financial Services,Mortgage Brokers,Home Services,Real Estate","Phoenix","4402 E Camelback Road
Phoenix, AZ 85018","","","","","","","",33.5098399,-111.986211,"Bank of America","","True",5,4,"AZ","business"
"True","","","","","","","","","","","","","","","","","","","","","","","","","","","","","","",NA,"","","","","","","XZnecLOU7t4WC4d8-9NbCg","Banks & Credit Unions,Financial Services,Mortgage Brokers,Home Services,Real Estate","Queen Creek","520 E Hunt Hwy
Queen Creek, AZ 85243","","","","","","","",33.2528,-111.5239,"Bank of America","","True",3,3.5,"AZ","business"
"","","","","","","","","","","","","","","","","","","","","","","","","","","","","","","",NA,"","","","","","","HMH7d0mBBjMEPkADbrHWBA","Banks & Credit Unions,Financial Services","Phoenix","2620 E Camelback Rd
Phoenix, AZ 85016","{u'close': u'18:00', u'open': u'08:00'}","{u'close': u'18:00', u'open': u'08:00'}","{u'close': u'14:00', u'open': u'09:00'}","","{u'close': u'18:00', u'open': u'08:00'}","{u'close': u'18:00', u'open': u'08:00'}","{u'close': u'18:00', u'open': u'08:00'}",33.5100246,-112.0248905,"Chase Bank","","True",3,3.5,"AZ","business"
"","","","","","","","","","","","","","","","","","","","","","","","","","","","","","","",NA,"","","","","","","EfQynnWvo_vXR0TJejeBTQ","Banks & Credit Unions,Financial Services","Chandler","1004 W Chandler Blvd
Chandler, AZ 85224","","","","","","","",33.306517,-111.859609,"Wells Fargo Bank","","True",3,3,"AZ","business"
"","","","","","","","","","","","","","","","","","","","","","","","","","","","","","","",NA,"","","","","","","UW-_rtEc8vATxb-wzhl86g","Banks & Credit Unions,Financial Services,Mortgage Brokers,Home Services,Real Estate","Surprise","13780 W Waddell Rd
Surprise, AZ 85379","","","","","","","",33.6093567,-112.356657,"Bank of America","","True",3,2.5,"AZ","business"
"","","","","","","","","","","","","","","","","","","","","","","","","","","","","","","",NA,"","","","","","","pBoq4RSYfEm8kzNTMeNGuA","Banks & Credit Unions,Financial Services","Chandler","1025 W Queen Creek Rd
Chandler, AZ 85248","{u'close': u'18:00', u'open': u'08:00'}","{u'close': u'18:00', u'open': u'08:00'}","{u'close': u'14:00', u'open': u'09:00'}","","{u'close': u'18:00', u'open': u'08:00'}","{u'close': u'18:00', u'open': u'08:00'}","{u'close': u'18:00', u'open': u'08:00'}",33.2619191,-111.8591499,"Chase Bank","","True",3,2,"AZ","business"
"","","","","","","","","","","","","","","","","","","","","","","","","","","","","","","",NA,"","","","","","","x226vPnVP0nAhcRCF3HcrQ","Banks & Credit Unions,Financial Services","Scottsdale","6015 N Scottsdale Rd
Scottsdale, AZ 85250","","","","","","","",33.5247229,-111.9256564,"Wells Fargo Bank","","True",4,3,"AZ","business"
"","","","","","","","","","","","","","","","","","","","","","","","","","","","","","","",NA,"","","","","","","D0jOohupZftHUnCdNiB2YQ","Banks & Credit Unions,Financial Services","Chandler","3495 W Chandler Blvd
Chandler, AZ 85226","","","","","","","",33.3048314,-111.9015663,"Wells Fargo Bank","","True",3,3.5,"AZ","business"
"","","","","","","","","","","","","","","","","","","","","","","","","","","","","","","",NA,"","","","","","","vnatQJnu2p50MB3pYDvS0g","Banks & Credit Unions,Financial Services","Phoenix","2901 N 7th Ave
Phoenix, AZ 85013","{u'close': u'18:00', u'open': u'08:00'}","{u'close': u'18:00', u'open': u'08:00'}","{u'close': u'14:00', u'open': u'09:00'}","","{u'close': u'18:00', u'open': u'08:00'}","{u'close': u'18:00', u'open': u'08:00'}","{u'close': u'18:00', u'open': u'08:00'}",33.480722,-112.08253,"Chase Bank","","True",5,3.5,"AZ","business"
"","","","","","","","","","","","","","","","","","","","","","","","","","","","","","","",NA,"","","","","","","ol-cIVeRhy4tGnXoG6Rjvg","Banks & Credit Unions,Financial Services","Scottsdale","14595 N Scottsdale Rd
Scottsdale, AZ 85254","","","","","","","",33.6176199,-111.9258164,"Wells Fargo Bank","","True",4,3,"AZ","business"
"","","","","","","","","","","","","","","","","","","","","","","","","","","","","","","",NA,"","","","","","","bg-sBHAHkZCpgVzEb4dJZg","Banks & Credit Unions,Financial Services","Phoenix","5755 N 19th Ave
Phoenix, AZ 85015","{u'close': u'18:00', u'open': u'09:00'}","{u'close': u'17:00', u'open': u'09:00'}","{u'close': u'13:00', u'open': u'09:00'}","","{u'close': u'17:00', u'open': u'09:00'}","{u'close': u'17:00', u'open': u'09:00'}","{u'close': u'17:00', u'open': u'09:00'}",33.5219927,-112.0992562,"Bank of America","","True",4,2,"AZ","business"
"","","","","","","","","","","","","","","","","","","","","","","","","","","","","","","",NA,"","","","","","","s2rNb_9479tdNp8qn027LQ","Banks & Credit Unions,Financial Services","Phoenix","12240 N Tatum Blvd
Phoenix, AZ 85032","{u'close': u'18:00', u'open': u'08:00'}","{u'close': u'18:00', u'open': u'08:00'}","{u'close': u'15:00', u'open': u'09:00'}","","{u'close': u'18:00', u'open': u'08:00'}","{u'close': u'18:00', u'open': u'08:00'}","{u'close': u'18:00', u'open': u'08:00'}",33.5983589,-111.9814145,"Chase Bank","","True",8,4.5,"AZ","business"
"","","","","","","","","","","","","","","","","","","","","","","","","","","","","","","",NA,"","","","","","","8uqVgebS6B--TQYqGT-Q9A","Banks & Credit Unions,Financial Services","Tempe","4714 S Rural Rd
Tempe, AZ 85282","{u'close': u'18:00', u'open': u'08:00'}","{u'close': u'18:00', u'open': u'08:00'}","{u'close': u'14:00', u'open': u'09:00'}","","{u'close': u'18:00', u'open': u'08:00'}","{u'close': u'18:00', u'open': u'08:00'}","{u'close': u'18:00', u'open': u'08:00'}",33.3803849,-111.928891,"Chase Bank","","True",3,3.5,"AZ","business"
"","","","","","","","","","","","","","","","","","","","","","","","","","","","","","","",NA,"","","","","","","2KAOVu8cloYC7xC6IGFGIQ","Banks & Credit Unions,Financial Services","Phoenix","2827 N 44th St
Phoenix, AZ 85008","{u'close': u'18:00', u'open': u'08:00'}","{u'close': u'18:00', u'open': u'08:00'}","{u'close': u'14:00', u'open': u'09:00'}","","{u'close': u'18:00', u'open': u'08:00'}","{u'close': u'18:00', u'open': u'08:00'}","{u'close': u'18:00', u'open': u'08:00'}",33.4790632,-111.986519,"Chase Bank","","True",6,2,"AZ","business"
"True","","","","","","","","","","","","","","","","","","","","","","","","","","","","","","",NA,"","","","","","","EeyMo9_axC3OEzgiIbPs7A","Banks & Credit Unions,Financial Services,Mortgage Brokers,Home Services,Real Estate","Phoenix","1910 W Thunderbird Rd
Phoenix, AZ 85023","","","","","","","",33.6112492,-112.099676,"Bank of America","","True",3,3.5,"AZ","business"
"True","","","","","","","","","","","","","","","","","","","","","","","","","","","","","","",NA,"","","","","","","4GyUd_cs7em8iX1sW0eVhg","Banks & Credit Unions,Financial Services,Mortgage Brokers,Home Services,Real Estate","Phoenix","2640 S 83rd Avenue
Phoenix, AZ 85043","","","","","","","",33.4231327,-112.2387569,"Bank of America","","True",3,2.5,"AZ","business"
"","","","","","","","","","","","","","","","","","","","","","","","","","","","","","","",NA,"","","","","","","QAWGfbf2o1u8CkrLTyDPpQ","Banks & Credit Unions,Financial Services","Gilbert","1495 E Warner Rd
Gilbert, AZ 85296","","","","","","","",33.333852,-111.756087,"Wells Fargo Bank","","True",5,3.5,"AZ","business"
"","","","","","","","","","","","","","","","","","","","","","","","","","","","","","","",NA,"","","","","","","dng6ywGbupOE82XjTdzRBA","Banks & Credit Unions,Financial Services","Phoenix","3620 N Central Ave
Phoenix, AZ 85012","{u'close': u'18:00', u'open': u'08:00'}","{u'close': u'18:00', u'open': u'08:00'}","{u'close': u'14:00', u'open': u'09:00'}","","{u'close': u'18:00', u'open': u'08:00'}","{u'close': u'18:00', u'open': u'08:00'}","{u'close': u'18:00', u'open': u'08:00'}",33.4901292,-112.0739068,"Chase Bank","","True",6,2.5,"AZ","business"
"True","","","","","","","","","","","","","","","","","","","","","","","","","","","","","","",NA,"","","","","","","rnAMWPtRbV75IPMpLgAyVA","Banks & Credit Unions,Financial Services,Mortgage Brokers,Home Services,Real Estate","Phoenix","16851 N Tatum Boulevard
Phoenix, AZ 85032","","","","","","","",33.640141,-111.977113,"Bank of America","","True",3,3,"AZ","business"
"","","","","","","","","","","","","","","","","","","","","","","","","","","","","","","",NA,"","","","","","","fbBHfqh4Y3obDCsZyu6hTA","Banks & Credit Unions,Financial Services","Phoenix","5815 N 19Th Ave
Phoenix, AZ 85015","","","","","","","",33.5227958,-112.0994235,"Wells Fargo Bank","","True",3,3.5,"AZ","business"
"True","","","","","","","","","","","","","","","","","","","","","","","","","","","","","","",NA,"","","","","","","uhHagdjbh9HE1YBhVPNRRA","Banks & Credit Unions,Financial Services,Mortgage Brokers,Home Services,Real Estate","Mesa","1952 S Stapley Drive
Mesa, AZ 85204","","","","","","","",33.379482,-111.807747,"Bank of America","","True",3,3,"AZ","business"
"True","","","","","","","","","","","","","","","","","","","","","","","","","","","","","","",NA,"","","","","","","Zoo-BRZfh2lK5_gPVHRaDA","Banks & Credit Unions,Financial Services,Mortgage Brokers,Home Services,Real Estate","Mesa","63 W Main Street
Mesa, AZ 85201","","","","","","","",33.414959,-111.8338467,"Bank of America","","True",3,2.5,"AZ","business"
"","","","","","","","","","","","","","","","","","","","","","","","","","","","","","","",NA,"","","","","","","bge8cHZYQFmqJqVJR0LgVg","Banks & Credit Unions,Financial Services","Phoenix","8001 N 35th Ave
Phoenix, AZ 85051","{u'close': u'18:00', u'open': u'08:00'}","{u'close': u'18:00', u'open': u'08:00'}","{u'close': u'14:00', u'open': u'09:00'}","","{u'close': u'18:00', u'open': u'08:00'}","{u'close': u'18:00', u'open': u'08:00'}","{u'close': u'18:00', u'open': u'08:00'}",33.553597,-112.133722,"Chase Bank","","True",3,3.5,"AZ","business"
"","","","","","","","","","","","","","","","","","","","","","","","","","","","","","","",NA,"","","","","","","OoCiPejBcxjHv4-ngyR4AA","Banks & Credit Unions,Financial Services","Phoenix","550 E Bell Rd
Phoenix, AZ 85022","","","","","","","",33.6403832,-112.0670043,"Wells Fargo Bank","","True",5,5,"AZ","business"
"True","","","","","","","","","","","","","","","","","","","","","","","","","","","","","","",NA,"","","","","","","KoCPVdY8eqYbWgy9jbPa6g","Banks & Credit Unions,Financial Services,Mortgage Brokers,Home Services,Real Estate","Surprise","13702 W Bell Road
Surprise, AZ 85374","","","","","","","",33.6387216,-112.3522039,"Bank of America","","True",4,2,"AZ","business"
"","","","","","","","","","","","","","","","","","","","","","","","","","","","","","","",NA,"","","","","","","D1MVTkDrt3UrQ0EebZu4NA","Banks & Credit Unions,Financial Services","Gilbert","700 N Gilbert Rd
Gilbert, AZ 85234","","","","","","","",33.3627389,-111.7905128,"Wells Fargo Bank","","True",3,3,"AZ","business"
"","","","","","","","","","","","","","","","","","","","","","","","","","","","","","","",NA,"","","","","","","pMXho0D2q9krHmRLiDec-A","Banks & Credit Unions,Financial Services","Gilbert","90 S Val Vista Dr
Gilbert, AZ 85296","","","","","","","",33.348617,-111.75689,"Wells Fargo Bank","","True",3,3.5,"AZ","business"
"","","","","","","","","","","","","","","","","","","","","","","","","","","","","","","",NA,"","","","","","","JN1ySuKM6TskbfiR9EqtYQ","Banks & Credit Unions,Financial Services","Scottsdale","15415 N 65th Pl
Scottsdale, AZ 85254","{u'close': u'18:00', u'open': u'08:00'}","{u'close': u'18:00', u'open': u'08:00'}","{u'close': u'14:00', u'open': u'09:00'}","","{u'close': u'18:00', u'open': u'08:00'}","{u'close': u'18:00', u'open': u'08:00'}","{u'close': u'18:00', u'open': u'08:00'}",33.625972,-111.940133,"Chase Bank","","True",4,4.5,"AZ","business"
"","","","","","","","","","","","","","","","","","","","","","","","","","","","","","","",NA,"","","","","","","3f0jwMOsWg_PHKVLKP2mTA","Banks & Credit Unions,Financial Services","Scottsdale","1530 N Scottsdale Rd
Scottsdale, AZ 85257","{u'close': u'18:00', u'open': u'08:00'}","{u'close': u'18:00', u'open': u'08:00'}","{u'close': u'16:00', u'open': u'09:00'}","","{u'close': u'18:00', u'open': u'08:00'}","{u'close': u'18:00', u'open': u'08:00'}","{u'close': u'18:00', u'open': u'08:00'}",33.4655074,-111.9265556,"Wells Fargo Bank","","True",5,2,"AZ","business"
"","","","","","","","","","","","","","","","","","","","","","","","","","","","","","","",NA,"","","","","","","MHvWN1zWRL2OouJd08Swtw","Banks & Credit Unions,Financial Services","Chandler","1960 W Ray Rd Ste 7
Chandler, AZ 85224","","","","","","","",33.321726,-111.875811,"Wells Fargo Bank","","True",4,4,"AZ","business"
"True","","","","","","","","","","","","","","","","","","","","","","","","","","","","","","",NA,"","","","","","","cv1wBu2BBhlo9D-q1Kk1eg","Banks & Credit Unions,Financial Services,Mortgage Brokers,Home Services,Real Estate","Chandler","2998 N Alma School Road
Chandler, AZ 85224","","","","","","","",33.3495225,-111.8593378,"Bank of America","","True",4,2.5,"AZ","business"
"True","","","","","","","","","","","","","","","","","","","","","","","","","","","","","","",NA,"","","","","","","1EnMK0EMcRJrzVtB-feNXQ","Banks & Credit Unions,Financial Services","Scottsdale","8750 E Raintree Dr
Scottsdale, AZ 85260","","","","","","","",33.6186869771,-111.892686295,"Bank of America","","True",7,2,"AZ","business"
"","","","","","","","","","","","","","","","","","","","","","","","","","","","","","","",NA,"","","","","","","jJtd78jPzgZhUvI5jtV_2w","Banks & Credit Unions,Financial Services","Tempe","1744 E Southern
Tempe, AZ 85282","{u'close': u'18:00', u'open': u'08:00'}","{u'close': u'18:00', u'open': u'08:00'}","{u'close': u'14:00', u'open': u'09:00'}","","{u'close': u'18:00', u'open': u'08:00'}","{u'close': u'18:00', u'open': u'08:00'}","{u'close': u'18:00', u'open': u'08:00'}",33.3929845,-111.9105035,"Chase Bank","","True",6,3,"AZ","business"
"True","","","","","","","","","","","","","","","","","","","","","","","","","","","","","","",NA,"","","","","","","oL5o4xUsLHubHDOTbWVo9Q","Banks & Credit Unions,Financial Services,Mortgage Brokers,Home Services,Real Estate","Phoenix","2080 E Baseline Road
Phoenix, AZ 85042","","","","","","","",33.3781022,-112.0361422,"Bank of America","","True",3,2.5,"AZ","business"
"","","","","","","","","","","","","","","","","","","","","","","","","","","","","","","",NA,"","","","","","","xx4Qz0ILrTzNBBdVO1IS5Q","Banks & Credit Unions,Financial Services","Las Vegas","530 Las Vegas Blvd S
Downtown
Las Vegas, NV 89101","","","","","","","",36.1638802,-115.1445458,"Wells Fargo Bank","Downtown","False",3,4,"NV","business"
"True","","","","","","","","","","","","","","","","","","","","","","","","","","","","","","",NA,"","","","","","","HXFgHRNbt7n_XBN9I69dRw","Banks & Credit Unions,Financial Services,Mortgage Brokers,Home Services,Real Estate","Henderson","2638 W Horizon Ridge Parkway
Anthem
Henderson, NV 89052","","","","","","","",36.0008424,-115.1029342,"Bank of America","Anthem","True",4,4.5,"NV","business"
"","","","","","","","","","","","","","","","","","","","","","","","","","","","","","","",NA,"","","","","","","CFjnrg4fUjmmK8wkVIQV0w","Banks & Credit Unions,Financial Services","Las Vegas","5975 W Tropicana Ave
Las Vegas, NV 89103","","","","","","","",36.0988171072,-115.223517716,"Wells Fargo Bank","","True",3,3.5,"NV","business"
"","","","","","","","","","","","","","","","","","","","","","","","","","","","","","","",NA,"","","","","","","NuaR2exSG7QLScBQa-A_Ug","Banks & Credit Unions,Financial Services","Las Vegas","1121 Las Vegas Blvd S
Downtown
Las Vegas, NV 89104","{u'close': u'18:00', u'open': u'09:00'}","{u'close': u'17:00', u'open': u'09:00'}","{u'close': u'16:00', u'open': u'09:00'}","","{u'close': u'17:00', u'open': u'09:00'}","{u'close': u'17:00', u'open': u'09:00'}","{u'close': u'17:00', u'open': u'09:00'}",36.1580358,-115.1478624,"Wells Fargo Bank","Downtown","True",4,3.5,"NV","business"
"","","","","","","","","","","","","","","","","","","","","","","","","","","","","","","",NA,"","","","","","","RJU1NZ2mOWZE8lMWgk6wbg","Banks & Credit Unions,Financial Services","Henderson","1411 W Sunset Rd
Henderson, NV 89014","","","","","","","",36.0629451,-115.0466904,"Wells Fargo Bank","","True",7,3.5,"NV","business"
"","","","","","","","","","","","","","","","","","","","","","","","","","","","","","","",NA,"","","","","","","DWkqbIM93bNRrpPFn_765g","Banks & Credit Unions,Financial Services","Las Vegas","4075 S Fort Apache Rd
Spring Valley
Las Vegas, NV 89147","{u'close': u'18:00', u'open': u'09:00'}","{u'close': u'17:00', u'open': u'09:00'}","{u'close': u'16:00', u'open': u'09:00'}","","{u'close': u'17:00', u'open': u'09:00'}","{u'close': u'17:00', u'open': u'09:00'}","{u'close': u'17:00', u'open': u'09:00'}",36.1153331,-115.2975935,"Wells Fargo Bank","Spring Valley","True",10,3,"NV","business"
"","","","","","","","","","","","","","","","","","","","","","","","","","","","","","","",NA,"","","","","","","cgNzuvdi4qtdzxSRNMzIqA","Banks & Credit Unions,Financial Services","Las Vegas","8190 W Sahara Ave
Westside
Las Vegas, NV 89117","","","","","","","",36.1444129,-115.2696114,"Wells Fargo Bank","Westside","True",11,2.5,"NV","business"
"","","","","","","","","","","","","","","","","","","","","","","","","","","","","","","",NA,"","","","","","","WyftjHyRtiZWPH660lnPZg","Banks & Credit Unions,Financial Services","Las Vegas","4016 S Rainbow Blvd
Las Vegas, NV 89103","","","","","","","",36.115544,-115.242525,"Wells Fargo Bank","","True",4,4,"NV","business"
"True","","","","","","","","","","","","","","","","","","","","","","","","","","","","","","",NA,"","","","","","","nIhMQ06_JByr3mGxqn5R0Q","Banks & Credit Unions,Financial Services,Mortgage Brokers,Home Services,Real Estate","Las Vegas","10114 W Flamingo Rd
Spring Valley
Las Vegas, NV 89147","{u'close': u'18:00', u'open': u'09:00'}","{u'close': u'17:00', u'open': u'09:00'}","{u'close': u'13:00', u'open': u'09:00'}","","{u'close': u'17:00', u'open': u'09:00'}","{u'close': u'17:00', u'open': u'09:00'}","{u'close': u'17:00', u'open': u'09:00'}",36.1154209,-115.3132317,"Bank of America","Spring Valley","True",4,2.5,"NV","business"
"","","","","","","","","","","","","","","","","","","","","","","","","","","","","","","",NA,"","","","","","","9zR5DKANLMqdPmKdW2YodA","Banks & Credit Unions,Financial Services","Las Vegas","1700 E Charleston Blvd
Downtown
Las Vegas, NV 89104","","","","","","","",36.1586832,-115.1284934,"Wells Fargo Bank","Downtown","True",3,4,"NV","business"
"","","","","","","","","","","","","","","","","","","","","","","","","","","","","","","",NA,"","","","","","","ChKAuoUPzrZBRzDwG_9GxQ","Banks & Credit Unions,Financial Services","Las Vegas","1900 Village Center Cir
Summerlin
Las Vegas, NV 89134","","","","","","","",36.1926622,-115.3044897,"Wells Fargo Bank","Summerlin","True",5,3,"NV","business"
"","","","","","","","","","","","","","","","","","","","","","","","","","","","","","","",NA,"","","","","","","-VxYYVB4Df7mUPyHZfkU2Q","Banks & Credit Unions,Financial Services","Las Vegas","7255 S Rainbow Blvd
Southwest
Las Vegas, NV 89118","{u'close': u'18:00', u'open': u'08:00'}","{u'close': u'18:00', u'open': u'08:00'}","{u'close': u'16:00', u'open': u'09:00'}","","{u'close': u'18:00', u'open': u'08:00'}","{u'close': u'18:00', u'open': u'08:00'}","{u'close': u'18:00', u'open': u'08:00'}",36.056866,-115.243595,"Wells Fargo Bank","Southwest,Spring Valley","True",9,3,"NV","business"
"True","","","","","","","","","","","","","","","","","","","","","","","","","","","","","","",NA,"","","","","","","5AclQ1-GwDWkSvneQ4oyOw","Banks & Credit Unions,Financial Services,Mortgage Brokers,Home Services,Real Estate","Las Vegas","4800 W Tropicana Ave
Las Vegas, NV 89103","{u'close': u'18:00', u'open': u'09:00'}","{u'close': u'17:00', u'open': u'09:00'}","{u'close': u'13:00', u'open': u'09:00'}","","{u'close': u'17:00', u'open': u'09:00'}","{u'close': u'17:00', u'open': u'09:00'}","{u'close': u'17:00', u'open': u'09:00'}",36.1013469,-115.206332,"Bank of America","","True",11,3.5,"NV","business"
"","","","","","","","","","","","","","","","","","","","","","","","","","","","","","","",NA,"","","","","","","9A1FQ0JaHb3ILyqTfnqj1w","Banks & Credit Unions,Financial Services","Las Vegas","801 N Rancho Dr
Las Vegas, NV 89106","","","","","","","",36.1788049,-115.177868,"Wells Fargo Bank","","True",3,1.5,"NV","business"
"","","","","","","","","","","","","","","","","","","","","","","","","","","","","","","",NA,"","","","","","","yWLP5j7DTRFP0XS4S5zAow","Banks & Credit Unions,Financial Services","Las Vegas","4080 Spring Mountain Road
Chinatown
Las Vegas, NV 89102","","","","","","","",36.126943,-115.194233,"Bank of America","Chinatown","True",8,4,"NV","business"
"","","","","","","","","","","","","","","","","","","","","","","","","","","","","","","",NA,"","","","","","","FZd83tY5XmgN6YavXFjl_g","Banks & Credit Unions,Financial Services","Las Vegas","5410 W Charleston Blvd
Westside
Las Vegas, NV 89146","","","","","","","",36.1596199,-115.215452,"Wells Fargo Bank","Westside","True",4,2.5,"NV","business"
"","","","","","","","","","","","","","","","","","","","","","","","","","","","","","","",NA,"","","","","","","e4CSh0SfKoqlIiFlAFD5Qw","Banks & Credit Unions,Financial Services","Las Vegas","4425 Spring Mountain Rd
Chinatown
Las Vegas, NV 89102","","","","","","","",36.125644,-115.200204,"Wells Fargo Bank","Chinatown","True",7,3.5,"NV","business"
"","","","","","","","","","","","","","","","","","","","","","","","","","","","","","","",NA,"","","","","","","4ZePHxlXsqkumwNUrFxVZQ","Banks & Credit Unions,Financial Services","Henderson","2658 W Horizon Ridge Pkwy
Anthem
Henderson, NV 89052","","","","","","","",36.000481,-115.103735,"Wells Fargo Bank","Anthem","True",6,5,"NV","business"
"","","","","","","","","","","","","","","","","","","","","","","","","","","","","","","",NA,"","","","","","","pg20esVxnKH6t8-qivj9ww","Banks & Credit Unions,Financial Services","Las Vegas","10475 S Decatur Blvd
Southwest
Las Vegas, NV 89141","","","","","","","",35.9992571,-115.2081398,"Wells Fargo Bank","Southwest","True",4,3,"NV","business"
"","","","","","","","","","","","","","","","","","","","","","","","","","","","","","","",NA,"","","","","","","9sakutECQQuqi6C-ImjRQw","Banks & Credit Unions,Financial Services","North Las Vegas","1507 W Craig Rd
North Las Vegas, NV 89032","","","","","","","",36.2388941,-115.162449,"Wells Fargo Bank","","True",4,2,"NV","business"
"","","","","","","","","","","","","","","","","","","","","","","","","","","","","","","",NA,"","","","","","","N1CTR15S6_DpRKadRWxF6A","Banks & Credit Unions,Financial Services","Las Vegas","4801 W Charleston Boulevard
Westside
Las Vegas, NV 89146","","","","","","","",36.1583979,-115.2064634,"Bank of America","Westside","True",4,2.5,"NV","business"
"","","","","","","","","","","","","","","","","","","","","","","","","","","","","","","",NA,"","","","","","","uMws4-0JWifXKpKI8O-N_A","Banks & Credit Unions,Financial Services","Las Vegas","10850 W Charleston Blvd
Summerlin
Las Vegas, NV 89135","","","","","","","",36.161153,-115.332369,"Wells Fargo Bank","Summerlin","True",13,2.5,"NV","business"
"True","","","","","","","","","","","","","","","","","","","","","","","","","","","","","","",NA,"","","","","","","QW0_VPUem5Sr2EBA03H2SQ","Banks & Credit Unions,Financial Services,Mortgage Brokers,Home Services,Real Estate","Las Vegas","3580 S Jones Boulevard
Chinatown
Las Vegas, NV 89103","","","","","","","",36.124076,-115.224252,"Bank of America","Chinatown","True",3,3.5,"NV","business"
"True","","","","","","","","","","","","","","","","","","","","","","","","","","","","","","",NA,"","","","","","","7UhRaMD7wogIkEGiRfAhEA","Banks & Credit Unions,Financial Services,Mortgage Brokers,Home Services,Real Estate","Las Vegas","1140 E Desert Inn Road
Eastside
Las Vegas, NV 89109","","","","","","","",36.130359,-115.139019,"Bank of America","Eastside","True",4,2,"NV","business"
"True","","","","","","","","","","","","","","","","","","","","","","","","","","","","","","",NA,"","","","","","","-cVKo1S1B2jAs2Bgy2Lw_Q","Banks & Credit Unions,Financial Services,Mortgage Brokers,Home Services,Real Estate","Las Vegas","7315 S Durango Drive
Southwest
Las Vegas, NV 89113","","","","","","","",36.054999,-115.280372,"Bank of America","Southwest","True",9,3,"NV","business"
"","","","","","","","","","","","","","","","","","","","","","","","","","","","","","","",NA,"","","","","","","H4HeptAmbbLsczw7TqVxrQ","Banks & Credit Unions,Financial Services","Las Vegas","3800 Howard Hughes Pkwy
Eastside
Las Vegas, NV 89169","","","","","","","",36.1190699,-115.1564608,"Wells Fargo Bank","Eastside","True",4,3.5,"NV","business"
"","","","","","","","","","","","","","","","","","","","","","","","","","","","","","","",NA,"","","","","","","DpBwygVGlbM490KMa0jYxg","Banks & Credit Unions,Financial Services","Henderson","900 N Green Valley Pkwy
Henderson, NV 89074","","","","","","","",36.0275429,-115.0855091,"Wells Fargo Bank","","True",3,1.5,"NV","business"
"True","","","","","","","","","","","","","","","","","","","","","","","","","","","","","","",NA,"","","","","","","Xq0LFv8puhV8qJqZeImeQA","Banks & Credit Unions,Financial Services,Mortgage Brokers,Home Services,Real Estate","Las Vegas","4361 N Rancho Drive
Northwest
Las Vegas, NV 89130","","","","","","","",36.238859,-115.232508,"Bank of America","Northwest","True",4,3,"NV","business"
"True","","","","","","","","","","","","","","","","","","","","","","","","","","","","","","",NA,"","","","","","","Rme5crEe01PRV7-8Z1_6kg","Banks & Credit Unions,Financial Services,Mortgage Brokers,Home Services,Real Estate","Las Vegas","1077 E Sahara Avenue
Downtown
Las Vegas, NV 89104","","","","","","","",36.1439624,-115.1399197,"Bank of America","Downtown","True",3,3.5,"NV","business"
"","","","","","","","","","","","","","","","","","","","","","","","","","","","","","","",NA,"","","","","","","yRhDoKG2calmtU_7MAt90g","Banks & Credit Unions,Financial Services","Las Vegas","4626 S Maryland Pkwy Ste B
University
Las Vegas, NV 89119","","","","","","","",36.105583,-115.136831,"Wells Fargo Bank","University","True",7,4,"NV","business"
"","","","","","","","","","","","","","","","","","","","","","","","","","","","","","","",NA,"","","","","","","iNdVJcrA2qe_F1HZTczoRQ","Banks & Credit Unions,Financial Services","Las Vegas","6430 W Lake Mead Blvd, Ste 110
Las Vegas, NV 89108","{u'close': u'18:00', u'open': u'08:30'}","{u'close': u'18:00', u'open': u'08:30'}","{u'close': u'15:00', u'open': u'09:00'}","","{u'close': u'18:00', u'open': u'08:30'}","{u'close': u'18:00', u'open': u'08:30'}","{u'close': u'18:00', u'open': u'08:30'}",36.1963267,-115.2345767,"Chase Bank","","True",4,3.5,"NV","business"
"","","","","","","","","","","","","","","","","","","","","","","","","","","","","","","",NA,"","","","","","","oOKRb9PDR7LeXkhriNiOEw","Banks & Credit Unions,Financial Services","Las Vegas","3433 S Maryland Pkwy
Eastside
Las Vegas, NV 89169","","","","","","","",36.1267678,-115.1385535,"Wells Fargo Bank","Eastside","True",3,1.5,"NV","business"
"True","","","","","","","","","","","","","","","","","","","","","","","","","","","","","","",NA,"","","","","","","Pf8A8mlBcTs9RctMq_YA4A","Banks & Credit Unions,Financial Services,Mortgage Brokers,Home Services,Real Estate","Las Vegas","4840 W Cactus Ave
Southwest
Las Vegas, NV 89141","{u'close': u'18:00', u'open': u'09:00'}","{u'close': u'17:00', u'open': u'09:00'}","{u'close': u'13:00', u'open': u'09:00'}","","{u'close': u'17:00', u'open': u'09:00'}","{u'close': u'17:00', u'open': u'09:00'}","{u'close': u'17:00', u'open': u'09:00'}",35.999164,-115.206019,"Bank of America","Southwest","True",3,4.5,"NV","business"
"True","","","","","","","","","","","","","","","","","","","","","","","","","","","","","{u'garage': False, u'street': False, u'validated': False, u'lot': False, u'valet': False}","",2,"","","","","","","DvWKxBt9lBtGb-tPwLVSnQ","Shopping","Charlotte","100 N Tryon St
First Ward
Charlotte, NC 28202","","","","","","","",35.2273874,-80.8420686,"Bank of America Store and Heritage Center","First Ward","True",3,3,"NC","business"
"","","","","","","","","","","","","","","","","","","","","","","","","","","","","","","",NA,"","","","","","","_Z7YhbiFwGkE9JFI7s3u2Q","Banks & Credit Unions,Financial Services","Scottsdale","15760 N Frank Lloyd Wright Blvd
Scottsdale, AZ 85260","","","","","","","",33.6293721,-111.8875733,"Wells Fargo Bank","","True",9,2.5,"AZ","business"
"","","","","","","","","","","","","","","","","","","","","","","","","","","","","","","",NA,"","","","","","","XNhAYkYA5paLZIyuJuQ4hw","Banks & Credit Unions,Financial Services","Scottsdale","4922 E Bell Rd
Scottsdale, AZ 85254","{u'close': u'18:00', u'open': u'08:00'}","{u'close': u'18:00', u'open': u'08:00'}","{u'close': u'14:00', u'open': u'09:00'}","","{u'close': u'18:00', u'open': u'08:00'}","{u'close': u'18:00', u'open': u'08:00'}","{u'close': u'18:00', u'open': u'08:00'}",33.6407141,-111.9743093,"Chase Bank","","True",4,3.5,"AZ","business"
"True","","","","","","","","","","","","","","","","","","","","","","","","","","","","","","",NA,"","","","","","","hhTDxdcJv-UC4liPh1_PoA","Banks & Credit Unions,Financial Services,Mortgage Brokers,Home Services,Real Estate","Charlotte","4415 Sharon Rd
Ste 100
South Park
Charlotte, NC 28211","","","","","","","",35.151401,-80.827788,"Bank of America","South Park","True",4,4,"NC","business"
"False","","","","","","","","","","","","","","","","","","","","","","","","","","","","","","",NA,"","","","","","","fcJaL2zvJTpjH-9gAliTYQ","Banks & Credit Unions,Financial Services,Mortgage Brokers,Home Services,Real Estate","Charlotte","4535 Park Rd
South Park
Charlotte, NC 28209","","","","","","","",35.1692139,-80.850206,"Bank of America","South Park","True",3,3,"NC","business"
"","","","","","","","","","","","","","","","","","","","","","","","","","","","","","","",NA,"","","","","","","GtsaoZAcNcVZOjf8GLnM6A","Banks & Credit Unions,Financial Services","Las Vegas","2865 E Charleston Blvd
Downtown
Las Vegas, NV 89104","{u'close': u'18:00', u'open': u'08:30'}","{u'close': u'18:00', u'open': u'08:30'}","{u'close': u'15:00', u'open': u'09:00'}","","{u'close': u'18:00', u'open': u'09:00'}","{u'close': u'18:00', u'open': u'08:30'}","{u'close': u'18:00', u'open': u'08:30'}",36.158378,-115.1118637,"Chase Bank","Downtown","True",5,2,"NV","business"
"","","","","","","","","","","","","","","","","","","","","","","","","","","","","","","",NA,"","","","","","","vIqZMxVH0TbAvKKeu81xlQ","Banks & Credit Unions,Financial Services","Scottsdale","6155 N Scottsdale Rd
Scottsdale, AZ 85250","{u'close': u'18:00', u'open': u'08:00'}","{u'close': u'18:00', u'open': u'08:00'}","{u'close': u'14:00', u'open': u'09:00'}","","{u'close': u'18:00', u'open': u'08:00'}","{u'close': u'18:00', u'open': u'08:00'}","{u'close': u'18:00', u'open': u'08:00'}",33.525939,-111.9257388,"Chase Bank","","True",3,4,"AZ","business"
"True","","","","","","","","","","","","","","","","","","","","","","","","","","","","","","",NA,"","","","","","","qfhpfE6wTj_SHlgreP6zrw","Banks & Credit Unions,Financial Services,Mortgage Brokers,Home Services,Real Estate","Scottsdale","4020 N Scottsdale Rd Ste 103
Scottsdale, AZ 85251","","","","","","","",33.4942423,-111.9264472,"Bank of America","","True",6,4.5,"AZ","business"
"","","","","","","","","","","","","","","","","","","","","","","","","","","","","","","",NA,"","","","","","","8tG5hbz8iNIhzDjgT3q69w","Banks & Credit Unions,Financial Services","Scottsdale","7345 E Mcdowell Rd
Scottsdale, AZ 85257","{u'close': u'18:00', u'open': u'08:00'}","{u'close': u'18:00', u'open': u'08:00'}","{u'close': u'14:00', u'open': u'09:00'}","","{u'close': u'18:00', u'open': u'08:00'}","{u'close': u'18:00', u'open': u'08:00'}","{u'close': u'18:00', u'open': u'08:00'}",33.4657921,-111.9227067,"Chase Bank","","True",3,2.5,"AZ","business"
"","","","","","","","","","","","","","","","","","","","","","","","","","","","","","","",NA,"","","","","","","uxXAbdfOQRfA9p63HTXiDQ","Banks & Credit Unions,Financial Services","Gilbert","3222 E Ray Rd
Gilbert, AZ 85296","","","","","","","",33.3220169273,-111.720536608,"Wells Fargo Bank","","True",4,3,"AZ","business"
"","","","","","","","","","","","","","","","","","","","","","","","","","","","","","","",NA,"","","","","","","3snsdRrObKOJKBqZEz18MA","Banks & Credit Unions,Financial Services","Phoenix","2745 W Carefree Hwy
Phoenix, AZ 85085","","","","","","","",33.7980176,-112.1196099,"Wells Fargo Bank","","True",4,2.5,"AZ","business"
"","","","","","","","","","","","","","","","","","","","","","","","","","","","","","","",NA,"","","","","","","MINETllGVb4ORwkXl1xeIg","Banks & Credit Unions,Financial Services","Scottsdale","14140 N 100th St
Scottsdale, AZ 85260","{u'close': u'18:00', u'open': u'08:00'}","{u'close': u'18:00', u'open': u'08:00'}","{u'close': u'14:00', u'open': u'09:00'}","","{u'close': u'18:00', u'open': u'08:00'}","{u'close': u'18:00', u'open': u'08:00'}","{u'close': u'18:00', u'open': u'08:00'}",33.6125352442,-111.863961055,"Chase Bank","","True",3,4,"AZ","business"
"","","","","","","","","","","","","","","","","","","","","","","","","","","","","","","",NA,"","","","","","","4nrNDM4WvguDIZ1qN8_8Dg","Banks & Credit Unions,Financial Services","Cave Creek","29425 N Cave Creek Rd
Cave Creek, AZ 85331","","","","","","","",33.7492144,-111.9944973,"Wells Fargo Bank","","True",4,4.5,"AZ","business"
"True","","","","","","","","","","","","","","","","","","","","","","","","","","","","","","",NA,"","","","","","","-6m6SqygK0Ak-PSN5pRqjA","Banks & Credit Unions,Financial Services,Mortgage Brokers,Home Services,Real Estate","Gilbert","900 S Gilbert Rd
Gilbert, AZ 85296","","","","","","","",33.333858,-111.790644,"Bank of America","","True",3,2.5,"AZ","business"
"","","","","","","","","","","","","","","","","","","","","","","","","","","","","","","",NA,"","","","","","","sX9ZbPwflv3qRRBbcojjCQ","Banks & Credit Unions,Financial Services","Tempe","315 W Elliot Rd Ste 101
Tempe, AZ 85284","{u'close': u'18:00', u'open': u'08:00'}","{u'close': u'18:00', u'open': u'08:00'}","{u'close': u'14:00', u'open': u'09:00'}","","{u'close': u'18:00', u'open': u'08:00'}","{u'close': u'18:00', u'open': u'08:00'}","{u'close': u'18:00', u'open': u'08:00'}",33.348738,-111.9439411,"Chase Bank","","True",5,3,"AZ","business"
"","","","","","","","","","","","","","","","","","","","","","","","","","","","","","","",NA,"","","","","","","_JGhQ6BkMqdiDrDIIO4bVg","Banks & Credit Unions,Financial Services","Surprise","15564 W Waddell Rd
Surprise, AZ 85379","","","","","","","",33.609659,-112.3949572,"Wells Fargo Bank","","True",4,3.5,"AZ","business"
"","","","","","","","","","","","","","","","","","","","","","","","","","","","","","","",NA,"","","","","","","09op0x7OYGvGprwoDbgfrg","Banks & Credit Unions,Financial Services","Litchfield Park","5006 N Dysart Rd
Litchfield Park, AZ 85340","{u'close': u'18:00', u'open': u'08:00'}","{u'close': u'18:00', u'open': u'08:00'}","{u'close': u'14:00', u'open': u'09:00'}","","{u'close': u'18:00', u'open': u'08:00'}","{u'close': u'18:00', u'open': u'08:00'}","{u'close': u'18:00', u'open': u'08:00'}",33.5081109,-112.3409812,"Chase Bank","","True",4,2.5,"AZ","business"
"","","","","","","","","","","","","","","","","","","","","","","","","","","","","","","",NA,"","","","","","","mKIbMAm-dVPlfMxA17I-ZA","Banks & Credit Unions,Financial Services","Glendale","9082 W Glendale Ave
Glendale, AZ 85305","","","","","","","",33.538195,-112.254409,"Wells Fargo Bank","","True",5,2.5,"AZ","business"
"","","","","","","","","","","","","","","","","","","","","","","","","","","","","","","",NA,"","","","","","","Mdqr92qTEz87eqZ1P5f_NA","Banks & Credit Unions,Financial Services","Phoenix","4823 E Ray Rd
Phoenix, AZ 85044","","","","","","","",33.319413,-111.979678,"Wells Fargo Bank","","True",11,3.5,"AZ","business"
"","","","","","","","","","","","","","","","","","","","","","","","","","","","","","","",NA,"","","","","","","07a5t3hYhtPHlBviiETUpA","Banks & Credit Unions,Financial Services","Tempe","5120 S Lakeshore Dr
Tempe, AZ 85282","","","","","","","",33.378804,-111.921005,"Wells Fargo Bank","","True",8,4,"AZ","business"
"","","","","","","","","","","","","","","","","","","","","","","","","","","","","","","",NA,"","","","","","","Foxjqu9LrlbzCw4GvXVtEQ","Banks & Credit Unions,Financial Services","Phoenix","21040 N Tatum Blvd
Phoenix, AZ 85050","","","","","","","",33.678991,-111.977479,"Wells Fargo Bank","","True",5,4,"AZ","business"
"","","","","","","","","","","","","","","","","","","","","","","","","","","","","","","",NA,"","","","","","","a3F3y4qOUOyPS0Qc-HM5Mw","Banks & Credit Unions,Financial Services","Phoenix","2123 W Happy Valley Rd
Phoenix, AZ 85085","","","","","","","",33.7128443,-112.105707,"Wells Fargo Bank","","True",6,2.5,"AZ","business"
"True","","","","","","","","","","","","","","","","","","","","","","","","","","","","","","",NA,"","","","","","","O2zajyS50EOi7Oy-gGHjKg","Banks & Credit Unions,Financial Services","Las Vegas","11710 W Charleston Blvd
Ste 110
Summerlin
Las Vegas, NV 89135","{u'close': u'18:00', u'open': u'09:00'}","{u'close': u'17:00', u'open': u'09:00'}","{u'close': u'13:00', u'open': u'09:00'}","","{u'close': u'17:00', u'open': u'09:00'}","{u'close': u'17:00', u'open': u'09:00'}","{u'close': u'17:00', u'open': u'09:00'}",36.15937239,-115.350348242,"Bank of America","Summerlin","True",6,3.5,"NV","business"
"","","","","","","","","","","","","","","","","","","","","","","","","","","","","","","",NA,"","","","","","","wuUEYFzae1jf2UT1ViJZfA","Banks & Credit Unions,Financial Services","Las Vegas","7000 N Durango Dr
Centennial
Las Vegas, NV 89149","{u'close': u'18:00', u'open': u'08:30'}","{u'close': u'18:00', u'open': u'08:30'}","{u'close': u'15:00', u'open': u'09:00'}","","{u'close': u'18:00', u'open': u'08:30'}","{u'close': u'18:00', u'open': u'08:30'}","{u'close': u'18:00', u'open': u'08:30'}",36.2888151,-115.2876869,"Chase Bank","Centennial","True",7,3.5,"NV","business"
"True","","","","","","","","","","","","","","","","","","","","","","","","","","","","","","",NA,"","","","","","","K9hebbsYqNiWodxDX76klw","Banks & Credit Unions,Financial Services,Mortgage Brokers,Home Services,Real Estate","Las Vegas","7280 S Rainbow Blvd
Southwest
Las Vegas, NV 89118","","","","","","","",36.0561999,-115.242314,"Bank of America","Southwest","True",12,3,"NV","business"
"","","","","","","","","","","","","","","","","","","","","","","","","","","","","","","",NA,"","","","","","","lTCh8i2d06lXbhW4trjcjA","","Las Vegas","4182 Blue Diamond Rd
Southwest
Las Vegas, NV 89139","","","","","","","",36.038521,-115.195709,"Wells Fargo Home Mortgage","Southwest","True",3,3,"NV","business"
"True","","","","","","","","","","","","","","","","","","","","","","","","","","","","","","",NA,"","","","","","","5x-vo3Wd88IFXqmqZFIc1Q","Banks & Credit Unions,Financial Services,Mortgage Brokers,Home Services,Real Estate","Las Vegas","1960 Village Center Cir
Summerlin
Las Vegas, NV 89134","","","","","","","",36.1915183,-115.3047317,"Bank of America","Summerlin","True",5,3,"NV","business"
"","","","","","","","","","","","","","","","","","","","","","","","","","","","","","","",NA,"","","","","","","OVlmCGlUsLQVKYj4MyUPmw","Banks & Credit Unions,Financial Services","Las Vegas","6920 Arroyo Crossing Pwky
Spring Valley
Las Vegas, NV 89113","{u'close': u'18:00', u'open': u'08:30'}","{u'close': u'18:00', u'open': u'08:30'}","{u'close': u'15:00', u'open': u'09:00'}","","{u'close': u'18:00', u'open': u'08:30'}","{u'close': u'18:00', u'open': u'08:30'}","{u'close': u'18:00', u'open': u'08:30'}",36.063494,-115.24285,"Chase Bank","Spring Valley","True",6,3.5,"NV","business"
"True","","","","","","","","","","","","","","","","","","","","","","","","","","","","","","",NA,"","","","","","","eRijWrhhDSHpSUkbZUXUNQ","Banks & Credit Unions,Financial Services,Mortgage Brokers,Home Services,Real Estate","Las Vegas","4112 Blue Diamond Rd
Southwest
Las Vegas, NV 89139","","","","","","","",36.038327,-115.195341,"Bank of America","Southwest","True",9,2.5,"NV","business"
"True","","","","","","","","","","","","","","","","","","","","","","","","","","","","","","",NA,"","","","","","","yvw9GMD31nkJJwyXykqWoQ","Banks & Credit Unions,Financial Services,Mortgage Brokers,Home Services,Real Estate","Las Vegas","6035 S Eastern Ave
Southeast
Las Vegas, NV 89119","","","","","","","",36.080343,-115.119353,"Bank of America","Southeast","True",5,3,"NV","business"
"","","","","","","","","","","","","","","","","","","","","","","","","","","","","","","",NA,"","","","","","","Ata4W6pllj4eqqg0QY-LvA","Banks & Credit Unions,Financial Services","Las Vegas","6585 N Decatur Blvd
Centennial
Las Vegas, NV 89131","","","","","","","",36.2794882,-115.2071197,"Wells Fargo Bank","Centennial","True",4,4,"NV","business"
"True","","","","","","","","","","","","","","","","","","","","","","","","","","","","","","",NA,"","","","","","","f7Mvvit8IaKBVY4EnPeymg","Banks & Credit Unions,Financial Services,Mortgage Brokers,Home Services,Real Estate","Las Vegas","410 E Silverado Ranch Blvd
Southeast
Las Vegas, NV 89183","","","","","","","",36.013802,-115.154142,"Bank of America","Southeast","True",8,2.5,"NV","business"
"True","","","","","","","","","","","","","","","","","","","","","","","","","","","","","","",NA,"","","","","","","8sJOlht-JOAjCuxqFMdr2A","Banks & Credit Unions,Financial Services,Mortgage Brokers,Home Services,Real Estate","Las Vegas","505 E Windmill Ln Ste 1E
Southeast
Las Vegas, NV 89123","","","","","","","",36.041378,-115.151932,"Bank of America","Southeast","True",4,4,"NV","business"
"","","","","","","","","","","","","","","","","","","","","","","","","","","","","","","",NA,"","","","","","","Sm7JQfTm0cUrhNx_oVwa3Q","Banks & Credit Unions,Financial Services","Las Vegas","10410 W Cheyenne Ave
Summerlin
Las Vegas, NV 89129","","","","","","","",36.2187988,-115.3243688,"Wells Fargo Bank","Summerlin,Northwest","True",3,3,"NV","business"
"","","","","","","","","","","","","","","","","","","","","","","","","","","","","","","",NA,"","","","","","","EPvetVAhC2Tt0PMmR1PZqw","Banks & Credit Unions,Financial Services","Las Vegas","10090 W Tropicana Ave
Spring Valley
Las Vegas, NV 89147","{u'close': u'18:00', u'open': u'08:00'}","{u'close': u'18:00', u'open': u'08:00'}","{u'close': u'16:00', u'open': u'09:00'}","","{u'close': u'18:00', u'open': u'08:00'}","{u'close': u'18:00', u'open': u'08:00'}","{u'close': u'18:00', u'open': u'08:00'}",36.1002902,-115.3131894,"Wells Fargo Bank","Spring Valley","True",3,3.5,"NV","business"
"","","","","","","","","","","","","","","","","","","","","","","","","","","","","","","",NA,"","","","","","","HbX7zkmRINgwkZFlaI7GkA","Banks & Credit Unions,Financial Services","Las Vegas","6512 N Decatur Blvd Ste 140
Las Vegas, NV 89131","","","","","","","",36.279336,-115.204361,"Bank of America","","True",6,2.5,"NV","business"
"","","","","","","","","","","","","","","","","","","","","","","","","","","","","","","",NA,"","","","","","","yuomIdlGOyouanU6S4TA8w","Banks & Credit Unions,Financial Services","Charlotte","100 N Tryon St
First Ward
Charlotte, NC 28202","","","","","","","",35.2270431519,-80.8421020508,"Bank of America","First Ward","True",3,1,"NC","business"
"","","","","","","","","","","","","","","","","","","","","","","","","","","","","","","",NA,"","","","","","","1p4h8gmcHVzl-C85BjVPoA","Banks & Credit Unions,Financial Services","Las Vegas","9151 W Sahara Ave, Ste 100
The Lakes
Las Vegas, NV 89117","{u'close': u'18:00', u'open': u'09:00'}","{u'close': u'18:00', u'open': u'09:00'}","{u'close': u'15:00', u'open': u'09:00'}","","{u'close': u'18:00', u'open': u'09:00'}","{u'close': u'18:00', u'open': u'09:00'}","{u'close': u'18:00', u'open': u'09:00'}",36.144144,-115.2972953,"Chase Bank","The Lakes","True",4,4.5,"NV","business"
"","","","","","","","","","","","","","","","","","","","","","","","","","","","","","","",NA,"","","","","","","VnaUK6GR-ZUELGrBndJ1ww","Banks & Credit Unions,Financial Services","Phoenix","7165 E Mayo Blvd
Phoenix, AZ 85054","{u'close': u'18:00', u'open': u'08:00'}","{u'close': u'18:00', u'open': u'08:00'}","{u'close': u'14:00', u'open': u'09:00'}","","{u'close': u'18:00', u'open': u'08:00'}","{u'close': u'18:00', u'open': u'08:00'}","{u'close': u'18:00', u'open': u'08:00'}",33.6546699,-111.926341,"Chase Bank","","True",3,3,"AZ","business"
"","","","","","","","","","","","","","","","","","","","","","","","","","","","","","","",NA,"","","","","","","rfjyuoUtCUTWRTQMsnuMPQ","Banks & Credit Unions,Financial Services","Las Vegas","9911 W Charleston Blvd, Ste 1
Ste 1
Westside
Las Vegas, NV 89117","{u'close': u'18:00', u'open': u'09:00'}","{u'close': u'18:00', u'open': u'09:00'}","{u'close': u'15:00', u'open': u'09:00'}","","{u'close': u'18:00', u'open': u'09:00'}","{u'close': u'18:00', u'open': u'09:00'}","{u'close': u'18:00', u'open': u'09:00'}",36.1588945,-115.3120365,"Chase Bank","Westside","True",5,4,"NV","business"
"","","","","","","","","","","","","","","","","","","","","","","","","","","","","","","",NA,"","","","","","","mOT01j7DmRIFJPNABabe3w","Banks & Credit Unions,Financial Services","Las Vegas","7100 N Durango Dr
Centennial
Las Vegas, NV 89149","{u'close': u'18:00', u'open': u'09:00'}","{u'close': u'18:00', u'open': u'09:00'}","{u'close': u'16:00', u'open': u'09:00'}","","{u'close': u'18:00', u'open': u'09:00'}","{u'close': u'18:00', u'open': u'09:00'}","{u'close': u'18:00', u'open': u'09:00'}",36.290313,-115.287318,"Wells Fargo Bank","Centennial","True",11,3.5,"NV","business"
"","","","","","","","","","","","","","","","","","","","","","","","","","","","","","","",NA,"","","","","","","attWTXgQgrch1casWiFR9Q","Banks & Credit Unions,Financial Services","Las Vegas","790 S Rampart Blvd
Westside
Las Vegas, NV 89145","{u'close': u'18:00', u'open': u'08:30'}","{u'close': u'18:00', u'open': u'08:30'}","{u'close': u'15:00', u'open': u'09:00'}","","{u'close': u'18:00', u'open': u'08:30'}","{u'close': u'18:00', u'open': u'08:30'}","{u'close': u'18:00', u'open': u'08:30'}",36.1629409,-115.289761,"Chase Bank","Westside","True",5,4,"NV","business"
"","","","","","","","","","","","","","","","","","","","","","","","","","","","","","","",NA,"","","","","","","5IcTMruuo3VpRNc7HeYI8Q","Banks & Credit Unions,Financial Services","Gilbert","5238 S Power Rd
Gilbert, AZ 85295","{u'close': u'18:00', u'open': u'08:00'}","{u'close': u'18:00', u'open': u'08:00'}","{u'close': u'14:00', u'open': u'09:00'}","","{u'close': u'18:00', u'open': u'08:00'}","{u'close': u'18:00', u'open': u'08:00'}","{u'close': u'18:00', u'open': u'08:00'}",33.321154,-111.687523,"Chase Bank","","True",4,3,"AZ","business"
"","","","","","","","","","","","","","","","","","","","","","","","","","","","","","","",NA,"","","","","","","TarYtm10MRmZvqCHc_BI4w","Banks & Credit Unions,Financial Services","Las Vegas","11730 W Charleston Blvd
Summerlin
Las Vegas, NV 89138","","","","","","","",36.1611466403,-115.351604291,"Wells Fargo Bank","Summerlin","True",4,4,"NV","business"
"","","","","","","","","","","","","","","","","","","","","","","","","","","","","","","",NA,"","","","","","","FZVezHdYEGQhLycRTclouw","Banks & Credit Unions,Financial Services","Phoenix","10651 S 51St St
Phoenix, AZ 85044","","","","","","","",33.350103,-111.975366,"Wells Fargo Bank","","True",4,4,"AZ","business"
"","","","","","","","","","","","","","","","","","","","","","","","","","","","","","","",NA,"","","","","","","MPZyBO0NXo8feNlZ37sbMQ","Banks & Credit Unions,Financial Services","Las Vegas","8174 S Las Vegas Blvd, Ste 113
Ste 113
Southeast
Las Vegas, NV 89123","{u'close': u'18:00', u'open': u'09:00'}","{u'close': u'18:00', u'open': u'09:00'}","{u'close': u'15:00', u'open': u'09:00'}","","{u'close': u'18:00', u'open': u'09:00'}","{u'close': u'18:00', u'open': u'09:00'}","{u'close': u'18:00', u'open': u'09:00'}",36.0409658,-115.1705851,"Chase Bank","Southeast","True",5,3,"NV","business"
"","","","","","","","","","","","","","","","","","","","","","","","","","","","","","","",NA,"","","","","","","D-IsbO1x7Mr8smWCokVdjg","Banks & Credit Unions,Financial Services","Las Vegas","2585 S Rainbow Blvd
Westside
Las Vegas, NV 89146","{u'close': u'18:00', u'open': u'08:30'}","{u'close': u'18:00', u'open': u'08:30'}","{u'close': u'15:00', u'open': u'09:00'}","{u'close': u'15:00', u'open': u'09:00'}","{u'close': u'18:00', u'open': u'08:30'}","{u'close': u'18:00', u'open': u'08:30'}","{u'close': u'18:00', u'open': u'08:30'}",36.1425791,-115.2430284,"Chase Bank","Westside","True",3,4,"NV","business"
"","","","","","","","","","","","","","","","","","","","","","","","","","","","","","","",NA,"","","","","","","NFhUpwxSldeeq6CtHacQtw","Banks & Credit Unions,Financial Services","Las Vegas","7290 S Durango Dr
Southwest
Las Vegas, NV 89113","{u'close': u'18:00', u'open': u'09:00'}","{u'close': u'17:00', u'open': u'09:00'}","{u'close': u'16:00', u'open': u'09:00'}","","{u'close': u'17:00', u'open': u'09:00'}","{u'close': u'17:00', u'open': u'09:00'}","{u'close': u'17:00', u'open': u'09:00'}",36.055982,-115.2785153,"Wells Fargo Bank","Southwest,Spring Valley","True",3,3.5,"NV","business"
"","","","","","","","","","","","","","","","","","","","","","","","","","","","","","","",NA,"","","","","","","GDHnaLKESroLoJ9DSQ7WiQ","Banks & Credit Unions,Financial Services","Phoenix","4741 E Ray Rd
Phoenix, AZ 85044","","","","","","","",33.3195774,-111.9808284,"Bank of America","","True",5,1,"AZ","business"
"","","","","","","","","","","","","","","","","","","","","","","","","","","","","","","",NA,"","","","","","","UiRL2bkkiVmhi39rDfZ1hw","Banks & Credit Unions,Financial Services","Las Vegas","2520 S Decatur Blvd
Westside
Las Vegas, NV 89102","{u'close': u'18:00', u'open': u'08:30'}","{u'close': u'18:00', u'open': u'08:30'}","{u'close': u'15:00', u'open': u'09:00'}","","{u'close': u'18:00', u'open': u'08:30'}","{u'close': u'18:00', u'open': u'08:30'}","{u'close': u'18:00', u'open': u'08:30'}",36.143476,-115.206941,"Chase Bank","Westside","True",5,3,"NV","business"
"","","","","","","","","","","","","","","","","","","","","True","","","","","","","","","","",NA,"","","","","","","2gs8VveM-aHPbZ0grudJhg","Museums,Arts & Entertainment","Charlotte","401 S Tryon St
Uptown
Charlotte, NC 28202","","","","","","","",35.2246432,-80.846515,"Wells Fargo History Museum","Uptown","True",6,3.5,"NC","business"
"","","","","","","","","","","","","","","","","","","","","","","","","","","","","","","",NA,"","","","","","","oNi5XQ1M7XDcaai9OQH3OQ","Banks & Credit Unions,Financial Services","Scottsdale","14854 N Frank Lloyd Wright Blvd
Scottsdale, AZ 85260","{u'close': u'18:00', u'open': u'08:00'}","{u'close': u'18:00', u'open': u'08:00'}","{u'close': u'14:00', u'open': u'09:00'}","","{u'close': u'18:00', u'open': u'08:00'}","{u'close': u'18:00', u'open': u'08:00'}","{u'close': u'18:00', u'open': u'08:00'}",33.6213074,-111.8751246,"Chase Bank","","True",3,3.5,"AZ","business"
"","","","","","","","","","","","","","","","","","","","","","","","","","","","","","","",NA,"","","","","","","aDkhEsyu-Ua3pHflHU4GRg","Banks & Credit Unions,Financial Services","Henderson","4200 E Sunset Rd
Henderson, NV 89014","{u'close': u'18:00', u'open': u'08:30'}","{u'close': u'18:00', u'open': u'08:30'}","{u'close': u'15:00', u'open': u'09:00'}","","{u'close': u'18:00', u'open': u'08:30'}","{u'close': u'18:00', u'open': u'08:30'}","{u'close': u'18:00', u'open': u'08:30'}",36.0712345,-115.0816982,"Chase Bank","","True",4,4,"NV","business"
"","","","","","","","","","","","","","","","","","","","","","","","","","","","","","","",NA,"","","","","","","S4HV6A8DrN0XPR2pOhVtWA","Banks & Credit Unions,Financial Services","Phoenix","3002 N Central Ave
Phoenix, AZ 85012","","","","","","","",33.481544,-112.074192,"Wells Fargo Bank","","True",4,2.5,"AZ","business"
"","","","","","","","","","","","","","","","","","","","","","","","","","","","","","","",NA,"","","","","","","HDro2TvhaVca2XDYfx4WjA","Banks & Credit Unions,Financial Services","North Las Vegas","6895 Aliante Pkwy
North Las Vegas, NV 89084","{u'close': u'18:00', u'open': u'08:30'}","{u'close': u'18:00', u'open': u'08:30'}","{u'close': u'15:00', u'open': u'09:00'}","","{u'close': u'18:00', u'open': u'08:30'}","{u'close': u'18:00', u'open': u'08:30'}","{u'close': u'18:00', u'open': u'08:30'}",36.285896,-115.177873,"Chase Bank","","True",7,4,"NV","business"
"","","","","","","","","","","","","","","","","","","","","","","","","","","","","","","",NA,"","","","","","","jpw9EyyFlE0kxcku6VEmYw","Banks & Credit Unions,Financial Services","Las Vegas","9770 S Maryland Pkwy, Ste 7
Ste 7
Southeast
Las Vegas, NV 89183","{u'close': u'18:00', u'open': u'09:00'}","{u'close': u'18:00', u'open': u'09:00'}","{u'close': u'15:00', u'open': u'09:00'}","","{u'close': u'18:00', u'open': u'09:00'}","{u'close': u'18:00', u'open': u'09:00'}","{u'close': u'18:00', u'open': u'09:00'}",36.011942,-115.136169,"Chase Bank","Southeast","True",7,3,"NV","business"
"","","","","","","","","","","","","","","","","","","","","","","","","","","","","","","",NA,"","","","","","","CLHfRm6biuH-l6r86qMLJw","Banks & Credit Unions,Financial Services","Phoenix","675 E Camelback Rd
Phoenix, AZ 85012","{u'close': u'18:00', u'open': u'08:00'}","{u'close': u'18:00', u'open': u'08:00'}","{u'close': u'14:00', u'open': u'09:00'}","","{u'close': u'18:00', u'open': u'08:00'}","{u'close': u'18:00', u'open': u'08:00'}","{u'close': u'18:00', u'open': u'08:00'}",33.5090531062,-112.065192461,"Chase Bank","","True",5,3,"AZ","business"
"","","","","","","","","","","","","","","","","","","","","","","","","","","","","","","",NA,"","","","","","","ecMFTCZFuivBgulwKXgkqQ","Banks & Credit Unions,Financial Services","Henderson","25 E Horizon Ridge Pkwy Ste 150
Henderson, NV 89002","","","","","","","",36.0102005,-114.9931433,"Wells Fargo Bank","","True",3,2.5,"NV","business"
"","","","","","","","","","","","","","","","","","","","","","","","","","","","","","","",NA,"","","","","","","k-C6azDoQPvDqtNEi09mVw","Banks & Credit Unions,Financial Services","Henderson","31 W Horizon Ridge Pkwy
Henderson, NV 89012","{u'close': u'18:00', u'open': u'08:30'}","{u'close': u'18:00', u'open': u'08:30'}","{u'close': u'15:00', u'open': u'09:00'}","","{u'close': u'18:00', u'open': u'08:30'}","{u'close': u'18:00', u'open': u'08:30'}","{u'close': u'18:00', u'open': u'08:30'}",36.0117901,-114.9932015,"Chase Bank","","True",4,4.5,"NV","business"
"","","","","","","","","","","","","","","","","","","","","","","","","","","","","","","",NA,"","","","","","","eBlflykQuNG1TZohqytYnQ","Banks & Credit Unions,Financial Services","Las Vegas","4125 S Grand Canyon Dr
Spring Valley
Las Vegas, NV 89147","{u'close': u'18:00', u'open': u'08:30'}","{u'close': u'18:00', u'open': u'08:30'}","{u'close': u'15:00', u'open': u'09:00'}","","{u'close': u'18:00', u'open': u'08:30'}","{u'close': u'18:00', u'open': u'08:30'}","{u'close': u'18:00', u'open': u'08:30'}",36.1147521,-115.3070623,"Chase Bank","Spring Valley","True",4,4,"NV","business"
"","","","","","","","","","","","","","","","","","","","","","","","","","","","","","","",NA,"","","","","","","xp0NMx_oEuftnXQzYcF0kA","Banks & Credit Unions,Financial Services","Las Vegas","1340 E Flamingo
Eastside
Las Vegas, NV 89119","{u'close': u'18:00', u'open': u'09:00'}","{u'close': u'18:00', u'open': u'09:00'}","{u'close': u'15:00', u'open': u'09:00'}","","{u'close': u'18:00', u'open': u'09:00'}","{u'close': u'18:00', u'open': u'09:00'}","{u'close': u'18:00', u'open': u'09:00'}",36.114889,-115.135312,"Chase Bank","Eastside","True",5,3,"NV","business"
"","","","","","","","","","","","","","","","","","","","","","","","","","","","","","","",NA,"","","","","","","XbBwHkIkB1iE8Wk13bZRQA","Banks & Credit Unions,Financial Services","Las Vegas","8565 W Warm Springs Rd
Southwest
Las Vegas, NV 89113","{u'close': u'18:00', u'open': u'08:30'}","{u'close': u'18:00', u'open': u'08:30'}","{u'close': u'15:00', u'open': u'09:00'}","","{u'close': u'18:00', u'open': u'08:30'}","{u'close': u'18:00', u'open': u'08:30'}","{u'close': u'18:00', u'open': u'08:30'}",36.0554523,-115.2785752,"Chase Bank","Southwest","True",5,4,"NV","business"
"","","","","","","","","","","","","","","","","","","","","","","","","","","","","","","",NA,"","","","","","","1Cf_HSId3TXoQqroFQxwjg","Banks & Credit Unions,Financial Services","Las Vegas","6120 W Tropicana Ave, Ste  A 4
Las Vegas, NV 89103","{u'close': u'18:00', u'open': u'09:00'}","{u'close': u'18:00', u'open': u'09:00'}","{u'close': u'15:00', u'open': u'09:00'}","","{u'close': u'18:00', u'open': u'09:00'}","{u'close': u'18:00', u'open': u'09:00'}","{u'close': u'18:00', u'open': u'09:00'}",36.1013415,-115.2264336,"Chase Bank","","True",3,3,"NV","business"
"","","","","","","","","","","","","","","","","","","","","","","","","","","","","","","",NA,"","","","","","","cStXDFhIE6R7t9THf3V6Lw","Banks & Credit Unions,Financial Services","Scottsdale","15577 N HAYDEN RD STE 7
Scottsdale, AZ 85260","{u'close': u'18:00', u'open': u'08:00'}","{u'close': u'18:00', u'open': u'08:00'}","{u'close': u'15:00', u'open': u'09:00'}","","{u'close': u'18:00', u'open': u'08:00'}","{u'close': u'18:00', u'open': u'08:00'}","{u'close': u'18:00', u'open': u'08:00'}",33.6274284124,-111.895242333,"Chase Bank","","True",4,5,"AZ","business"
"","","","","","","","","","","","","","","","","","","","","","","","","","","","","","","",NA,"","","","","","","pd6AFaALzCrHtgsE-5ogpQ","Banks & Credit Unions,Financial Services","Phoenix","5050 N 24Th St
Phoenix, AZ 85016","","","","","","","",33.510694,-112.030761,"Wells Fargo Bank","","True",3,5,"AZ","business"
"","","","","","","","","","","","","","","","","","","","","","","","","","","","","","","",NA,"","","","","","","WCW-pIlOtChGuu2LnJzaMA","Banks & Credit Unions,Financial Services","Henderson","101 N Pecos Rd
Henderson, NV 89074","","","","","","","",36.034557,-115.100865,"Wells Fargo Bank","","True",3,3.5,"NV","business"
"","","","","","","","","","","","","","","","","","","","","","","","","","","","","","","",NA,"","","","","","","bSqatzzQSP11XtSPM1DbpQ","Banks & Credit Unions,Financial Services","Phoenix","12641 N Tatum Blvd
Phoenix, AZ 85032","","","","","","","",33.6033145,-111.9781525,"Wells Fargo Bank","","True",3,2,"AZ","business"
"","","","","","","","","","","","","","","","","","","","","","","","","","","","","","","",NA,"","","","","","","lGB3C0mR1NoLohxOyttH3Q","Banks & Credit Unions,Financial Services","Henderson","90 N Stephanie St
Henderson, NV 89074","{u'close': u'18:00', u'open': u'08:30'}","{u'close': u'18:00', u'open': u'08:30'}","{u'close': u'15:00', u'open': u'09:00'}","","{u'close': u'18:00', u'open': u'08:30'}","{u'close': u'18:00', u'open': u'08:30'}","{u'close': u'18:00', u'open': u'08:30'}",36.0363923101,-115.046230588,"Chase Bank","","True",5,3,"NV","business"
"","","","","","","","","","","","","","","","","","","","","","","","","","","","","","","",NA,"","","","","","","eN4VFQJw5hh7T7iWeHKZBQ","Banks & Credit Unions,Financial Services","Las Vegas","8580 W Desert Inn Rd
Westside
Las Vegas, NV 89117","{u'close': u'18:00', u'open': u'08:30'}","{u'close': u'18:00', u'open': u'08:30'}","{u'close': u'15:00', u'open': u'09:00'}","","{u'close': u'18:00', u'open': u'08:30'}","{u'close': u'18:00', u'open': u'08:30'}","{u'close': u'18:00', u'open': u'08:30'}",36.130026,-115.278342,"Chase Bank","Westside","True",6,3.5,"NV","business"
"","","","","","","","","","","","","","","","","","","","","","","","","","","","","","","",NA,"","","","","","","CaQHhKtxJilQlOmUJbc-mg","Banks & Credit Unions,Financial Services","Phoenix","2002 E Camelback Rd Ste 101
Phoenix, AZ 85016","","","","","","","",33.5096131,-112.0384914,"Wells Fargo Bank","","True",3,2.5,"AZ","business"
"","","","","","","","","","","","","","","","","","","","","","","","","","","","","","","",NA,"","","","","","","gnYg-pF5v1doixwnB5OFrA","Banks & Credit Unions,Financial Services","Phoenix","3102 E Camelback Rd
Phoenix, AZ 85016","","","","","","","",33.510311,-112.01556,"Wells Fargo Bank","","True",6,3.5,"AZ","business"
"","","","","","","","","","","","","","","","","","","","","","","","","","","","","","","",NA,"","","","","","","WeMRreetiQ5iQnTtLKVZnw","Banks & Credit Unions,Financial Services","Phoenix","4402 E Thomas Rd
Phoenix, AZ 85018","","","","","","","",33.4806523,-111.9863022,"Wells Fargo Bank","","True",6,2.5,"AZ","business"
"","","","","","","","","","","","","","","","","","","","","","","","","","","","","","","",NA,"","","","","","","IYia_3RHB60NcY0uladRnQ","Banks & Credit Unions,Financial Services","Phoenix","707 E Glendale Ave
Phoenix, AZ 85020","","","","","","","",33.5380078,-112.0646544,"Wells Fargo Bank","","True",4,1.5,"AZ","business"
"","","","","","","","","","","","","","","","","","","","","","","","","","","","","","","",NA,"","","","","","","B3AjVDXkayl6MStbEEfIxg","Banks & Credit Unions,Financial Services","Las Vegas","7590 W Lake Mead Blvd
Summerlin
Las Vegas, NV 89128","","","","","","","",36.1965783,-115.2597894,"Wells Fargo Bank","Summerlin","True",5,3,"NV","business"
"","","","","","","","","","","","","","","","","","","","","","","","","","","","","","","",NA,"","","","","","","Y7vzIw029dd8FWuNqihr9g","Banks & Credit Unions,Financial Services","Las Vegas","4182 Blue Diamond Rd
Southwest
Las Vegas, NV 89139","","","","","","","",36.0385984,-115.1956209,"Wells Fargo Bank","Southwest","True",3,2.5,"NV","business"
"","","","","","","","","","","","","","","","","","","","","","","","","","","","","","","",NA,"","","","","","","E6tTmCnF2ym0zmOvgwi7yQ","Banks & Credit Unions,Financial Services","Las Vegas","440 E Silverado Ranch Blvd Ste C
Southeast
Las Vegas, NV 89183","","","","","","","",36.0138313,-115.1536444,"Wells Fargo Bank","Southeast","True",9,3.5,"NV","business"
"","","","","","","","","","","","","","","","","","","","","","","","","","","","","","","",NA,"","","","","","","McD0WLotvUW0B7G3tEZ84w","Banks & Credit Unions,Financial Services","Las Vegas","6001 Spring Mountain Rd
Chinatown
Las Vegas, NV 89146","{u'close': u'18:00', u'open': u'08:30'}","{u'close': u'18:00', u'open': u'08:30'}","{u'close': u'15:00', u'open': u'09:00'}","","{u'close': u'18:00', u'open': u'08:30'}","{u'close': u'18:00', u'open': u'08:30'}","{u'close': u'18:00', u'open': u'08:30'}",36.1250069,-115.223147,"Chase Bank","Chinatown","True",5,5,"NV","business"
